"DateTime";"Players";"Average Players"
"2011-09-22 00:00:00";194;
"2011-09-23 00:00:00";240;
"2011-09-24 00:00:00";;
"2011-09-25 00:00:00";233;
"2011-09-26 00:00:00";222;
"2011-09-27 00:00:00";303;
"2011-09-28 00:00:00";312;
"2011-09-29 00:00:00";299;
"2011-09-30 00:00:00";;
"2011-10-01 00:00:00";;
"2011-10-02 00:00:00";376;
"2011-10-03 00:00:00";344;
"2011-10-04 00:00:00";389;
"2011-10-05 00:00:00";466;
"2011-10-06 00:00:00";439;
"2011-10-07 00:00:00";479;
"2011-10-08 00:00:00";442;
"2011-10-09 00:00:00";530;
"2011-10-10 00:00:00";504;
"2011-10-11 00:00:00";490;
"2011-10-12 00:00:00";457;
"2011-10-13 00:00:00";450;
"2011-10-14 00:00:00";465;
"2011-10-15 00:00:00";500;
"2011-10-16 00:00:00";587;
"2011-10-17 00:00:00";544;
"2011-10-18 00:00:00";470;
"2011-10-19 00:00:00";506;
"2011-10-20 00:00:00";506;
"2011-10-21 00:00:00";474;
"2011-10-22 00:00:00";331;
"2011-10-23 00:00:00";483;
"2011-10-24 00:00:00";483;
"2011-10-25 00:00:00";508;
"2011-10-26 00:00:00";474;
"2011-10-27 00:00:00";580;
"2011-10-28 00:00:00";542;
"2011-10-29 00:00:00";562;
"2011-10-30 00:00:00";468;
"2011-10-31 00:00:00";522;
"2011-11-01 00:00:00";512;
"2011-11-02 00:00:00";931;
"2011-11-03 00:00:00";915;
"2011-11-04 00:00:00";1002;
"2011-11-05 00:00:00";1112;
"2011-11-06 00:00:00";1089;
"2011-11-07 00:00:00";912;
"2011-11-08 00:00:00";1353;
"2011-11-09 00:00:00";2190;
"2011-11-10 00:00:00";2396;
"2011-11-11 00:00:00";2822;
"2011-11-12 00:00:00";2787;
"2011-11-13 00:00:00";2921;
"2011-11-14 00:00:00";3131;
"2011-11-15 00:00:00";3182;
"2011-11-16 00:00:00";3769;
"2011-11-17 00:00:00";5463;
"2011-11-18 00:00:00";7353;
"2011-11-19 00:00:00";7504;
"2011-11-20 00:00:00";7443;
"2011-11-21 00:00:00";6702;
"2011-11-22 00:00:00";7624;
"2011-11-23 00:00:00";8324;
"2011-11-24 00:00:00";8342;
"2011-11-25 00:00:00";8342;
"2011-11-26 00:00:00";11701;
"2011-11-27 00:00:00";10915;
"2011-11-28 00:00:00";9247;
"2011-11-29 00:00:00";9733;
"2011-11-30 00:00:00";12385;
"2011-12-01 00:00:00";12211;
"2011-12-02 00:00:00";16862;
"2011-12-03 00:00:00";16827;
"2011-12-04 00:00:00";16661;
"2011-12-05 00:00:00";15360;
"2011-12-06 00:00:00";15360;
"2011-12-07 00:00:00";18026;
"2011-12-08 00:00:00";19107;
"2011-12-09 00:00:00";19650;
"2011-12-10 00:00:00";20156;
"2011-12-11 00:00:00";19998;
"2011-12-12 00:00:00";19730;
"2011-12-13 00:00:00";18776;
"2011-12-14 00:00:00";17219;
"2011-12-15 00:00:00";16494;
"2011-12-16 00:00:00";17269;
"2011-12-17 00:00:00";17830;
"2011-12-18 00:00:00";17254;
"2011-12-19 00:00:00";16634;
"2011-12-20 00:00:00";15581;
"2011-12-21 00:00:00";17513;
"2011-12-22 00:00:00";17388;
"2011-12-23 00:00:00";16227;
"2011-12-24 00:00:00";15041;
"2011-12-25 00:00:00";16424;
"2011-12-26 00:00:00";16485;
"2011-12-27 00:00:00";16214;
"2011-12-28 00:00:00";15182;
"2011-12-29 00:00:00";16695;
"2011-12-30 00:00:00";16709;
"2011-12-31 00:00:00";14058;
"2012-01-01 00:00:00";17889;
"2012-01-02 00:00:00";17976;
"2012-01-03 00:00:00";17148;
"2012-01-04 00:00:00";17226;
"2012-01-05 00:00:00";17385;
"2012-01-06 00:00:00";17404;
"2012-01-07 00:00:00";18379;
"2012-01-08 00:00:00";18365;
"2012-01-09 00:00:00";17113;
"2012-01-10 00:00:00";17006;
"2012-01-11 00:00:00";16451;
"2012-01-12 00:00:00";19558;
"2012-01-13 00:00:00";21221;
"2012-01-14 00:00:00";21194;
"2012-01-15 00:00:00";20633;
"2012-01-16 00:00:00";19621;
"2012-01-17 00:00:00";18764;
"2012-01-18 00:00:00";18764;
"2012-01-19 00:00:00";18764;
"2012-01-20 00:00:00";18764;
"2012-01-21 00:00:00";18764;
"2012-01-22 00:00:00";18764;
"2012-01-23 00:00:00";19170;
"2012-01-24 00:00:00";18926;
"2012-01-25 00:00:00";18999;
"2012-01-26 00:00:00";21080;
"2012-01-27 00:00:00";23112;
"2012-01-28 00:00:00";23539;
"2012-01-29 00:00:00";23022;
"2012-01-30 00:00:00";21220;
"2012-01-31 00:00:00";20421;
"2012-02-01 00:00:00";20784;
"2012-02-02 00:00:00";20601;
"2012-02-03 00:00:00";24123;
"2012-02-04 00:00:00";24765;
"2012-02-05 00:00:00";24341;
"2012-02-06 00:00:00";20716;
"2012-02-07 00:00:00";21282;
"2012-02-08 00:00:00";20790;
"2012-02-09 00:00:00";21224;
"2012-02-10 00:00:00";23509;
"2012-02-11 00:00:00";23587;
"2012-02-12 00:00:00";21358;
"2012-02-13 00:00:00";21378;
"2012-02-14 00:00:00";10515;
"2012-02-15 00:00:00";22142;
"2012-02-16 00:00:00";23965;
"2012-02-17 00:00:00";25875;
"2012-02-18 00:00:00";26129;
"2012-02-19 00:00:00";25313;
"2012-02-20 00:00:00";24898;
"2012-02-21 00:00:00";23934;
"2012-02-22 00:00:00";23196;
"2012-02-23 00:00:00";23331;
"2012-02-24 00:00:00";24787;
"2012-02-25 00:00:00";25703;
"2012-02-26 00:00:00";25956;
"2012-02-27 00:00:00";23389;
"2012-02-28 00:00:00";23090;
"2012-02-29 00:00:00";21986;
"2012-03-01 00:00:00";23921;
"2012-03-02 00:00:00";27976;
"2012-03-03 00:00:00";27962;
"2012-03-04 00:00:00";24636;
"2012-03-05 00:00:00";24488;
"2012-03-06 00:00:00";26116;
"2012-03-07 00:00:00";26014;
"2012-03-08 00:00:00";26343;
"2012-03-09 00:00:00";28451;
"2012-03-10 00:00:00";30030;
"2012-03-11 00:00:00";30095;
"2012-03-12 00:00:00";26781;
"2012-03-13 00:00:00";25122;
"2012-03-14 00:00:00";27043;
"2012-03-15 00:00:00";28397;
"2012-03-16 00:00:00";31583;
"2012-03-17 00:00:00";32405;
"2012-03-18 00:00:00";31417;
"2012-03-19 00:00:00";27437;
"2012-03-20 00:00:00";27422;
"2012-03-21 00:00:00";27558;
"2012-03-22 00:00:00";31865;
"2012-03-23 00:00:00";36133;
"2012-03-24 00:00:00";38596;
"2012-03-25 00:00:00";36933;
"2012-03-26 00:00:00";34441;
"2012-03-27 00:00:00";33528;
"2012-03-28 00:00:00";36163;
"2012-03-29 00:00:00";37128;
"2012-03-30 00:00:00";39910;
"2012-03-31 00:00:00";40661;
"2012-04-01 00:00:00";39847;
"2012-04-02 00:00:00";35849;
"2012-04-03 00:00:00";33762;
"2012-04-04 00:00:00";34628;
"2012-04-05 00:00:00";38702;
"2012-04-06 00:00:00";37997;
"2012-04-07 00:00:00";37414;
"2012-04-08 00:00:00";35948;
"2012-04-09 00:00:00";34111;
"2012-04-10 00:00:00";34086;
"2012-04-11 00:00:00";36582;
"2012-04-12 00:00:00";38184;
"2012-04-13 00:00:00";47205;
"2012-04-14 00:00:00";44638;
"2012-04-15 00:00:00";42522;
"2012-04-16 00:00:00";38866;
"2012-04-17 00:00:00";40906;
"2012-04-18 00:00:00";44056;
"2012-04-19 00:00:00";50109;
"2012-04-20 00:00:00";53426;
"2012-04-21 00:00:00";53303;
"2012-04-22 00:00:00";48604;
"2012-04-23 00:00:00";47750;
"2012-04-24 00:00:00";45989;
"2012-04-25 00:00:00";43659;
"2012-04-26 00:00:00";47117;
"2012-04-27 00:00:00";50368;
"2012-04-28 00:00:00";50846;
"2012-04-29 00:00:00";47405;
"2012-04-30 00:00:00";48329;
"2012-05-01 00:00:00";44391;
"2012-05-02 00:00:00";43930;
"2012-05-03 00:00:00";49005;
"2012-05-04 00:00:00";53039;
"2012-05-05 00:00:00";51878;
"2012-05-06 00:00:00";49171;
"2012-05-07 00:00:00";46270;
"2012-05-08 00:00:00";44412;
"2012-05-09 00:00:00";44074;
"2012-05-10 00:00:00";47828;
"2012-05-11 00:00:00";51321;
"2012-05-12 00:00:00";49382;
"2012-05-13 00:00:00";46077;
"2012-05-14 00:00:00";39273;
"2012-05-15 00:00:00";35758;
"2012-05-16 00:00:00";37289;
"2012-05-17 00:00:00";39921;
"2012-05-18 00:00:00";40719;
"2012-05-19 00:00:00";43504;
"2012-05-20 00:00:00";37125;
"2012-05-21 00:00:00";37744;
"2012-05-22 00:00:00";37725;
"2012-05-23 00:00:00";38456;
"2012-05-24 00:00:00";41958;
"2012-05-25 00:00:00";43822;
"2012-05-26 00:00:00";43950;
"2012-05-27 00:00:00";41905;
"2012-05-28 00:00:00";42415;
"2012-05-29 00:00:00";42576;
"2012-05-30 00:00:00";41547;
"2012-05-31 00:00:00";54098;
"2012-06-01 00:00:00";55519;
"2012-06-02 00:00:00";57901;
"2012-06-03 00:00:00";52426;
"2012-06-04 00:00:00";51161;
"2012-06-05 00:00:00";53217;
"2012-06-06 00:00:00";52856;
"2012-06-07 00:00:00";51574;
"2012-06-08 00:00:00";54040;
"2012-06-09 00:00:00";54436;
"2012-06-10 00:00:00";50965;
"2012-06-11 00:00:00";57093;
"2012-06-12 00:00:00";52085;
"2012-06-13 00:00:00";52847;
"2012-06-14 00:00:00";52847;
"2012-06-15 00:00:00";55173;
"2012-06-16 00:00:00";54638;
"2012-06-17 00:00:00";50802;
"2012-06-18 00:00:00";53139;
"2012-06-19 00:00:00";53443;
"2012-06-20 00:00:00";52659;
"2012-06-21 00:00:00";54787;
"2012-06-22 00:00:00";58113;
"2012-06-23 00:00:00";59926;
"2012-06-24 00:00:00";56954;
"2012-06-25 00:00:00";56683;
"2012-06-26 00:00:00";57238;
"2012-06-27 00:00:00";57286;
"2012-06-28 00:00:00";60217;
"2012-06-29 00:00:00";62084;
"2012-06-30 00:00:00";65425;
"2012-07-01 00:00:00";75041;
"2012-07-02 00:00:00";60228;
"2012-07-03 00:00:00";59497;
"2012-07-04 00:00:00";60026;
"2012-07-05 00:00:00";62443;
"2012-07-06 00:00:00";63809;
"2012-07-07 00:00:00";64205;
"2012-07-08 00:00:00";63422;
"2012-07-09 00:00:00";60932;
"2012-07-10 00:00:00";59984;
"2012-07-11 00:00:00";62252;
"2012-07-12 00:00:00";63871;
"2012-07-13 00:00:00";67993;
"2012-07-14 00:00:00";71015;
"2012-07-15 00:00:00";67098;
"2012-07-16 00:00:00";68630;
"2012-07-17 00:00:00";66545;
"2012-07-18 00:00:00";67216;
"2012-07-19 00:00:00";66061;
"2012-07-20 00:00:00";70753;
"2012-07-21 00:00:00";72372;
"2012-07-22 00:00:00";69750;
"2012-07-23 00:00:00";68914;
"2012-07-24 00:00:00";66929;
"2012-07-25 00:00:00";67416;
"2012-07-26 00:00:00";73650;
"2012-07-27 00:00:00";74310;
"2012-07-28 00:00:00";75355;
"2012-07-29 00:00:00";72723;
"2012-07-30 00:00:00";72386;
"2012-07-31 00:00:00";69243;
"2012-08-01 00:00:00";108689;
"2012-08-02 00:00:00";72073;
"2012-08-03 00:00:00";74376;
"2012-08-04 00:00:00";76025;
"2012-08-05 00:00:00";72061;
"2012-08-06 00:00:00";71082;
"2012-08-07 00:00:00";71463;
"2012-08-08 00:00:00";70657;
"2012-08-09 00:00:00";70398;
"2012-08-10 00:00:00";75505;
"2012-08-11 00:00:00";75726;
"2012-08-12 00:00:00";71559;
"2012-08-13 00:00:00";70019;
"2012-08-14 00:00:00";69520;
"2012-08-15 00:00:00";69927;
"2012-08-16 00:00:00";70338;
"2012-08-17 00:00:00";73551;
"2012-08-18 00:00:00";78599;
"2012-08-19 00:00:00";74711;
"2012-08-20 00:00:00";69926;
"2012-08-21 00:00:00";71310;
"2012-08-22 00:00:00";73540;
"2012-08-23 00:00:00";73043;
"2012-08-24 00:00:00";73583;
"2012-08-25 00:00:00";108472;
"2012-08-26 00:00:00";105839;
"2012-08-27 00:00:00";105167;
"2012-08-28 00:00:00";80479;
"2012-08-29 00:00:00";77752;
"2012-08-30 00:00:00";111804;
"2012-08-31 00:00:00";108557;
"2012-09-01 00:00:00";118901;
"2012-09-02 00:00:00";118479;
"2012-09-03 00:00:00";83298;
"2012-09-04 00:00:00";80584;
"2012-09-05 00:00:00";81657;
"2012-09-06 00:00:00";70409;
"2012-09-07 00:00:00";70409;
"2012-09-08 00:00:00";70409;
"2012-09-09 00:00:00";80110;
"2012-09-10 00:00:00";80574;
"2012-09-11 00:00:00";80452;
"2012-09-12 00:00:00";81733;
"2012-09-13 00:00:00";81592;
"2012-09-14 00:00:00";90409;
"2012-09-15 00:00:00";91719;
"2012-09-16 00:00:00";79965;
"2012-09-17 00:00:00";82755;
"2012-09-18 00:00:00";79405;
"2012-09-19 00:00:00";81340;
"2012-09-20 00:00:00";84664;
"2012-09-21 00:00:00";97697;
"2012-09-22 00:00:00";97784;
"2012-09-23 00:00:00";87176;
"2012-09-24 00:00:00";81954;
"2012-09-25 00:00:00";84298;
"2012-09-26 00:00:00";83483;
"2012-09-27 00:00:00";88965;
"2012-09-28 00:00:00";99129;
"2012-09-29 00:00:00";102129;
"2012-09-30 00:00:00";89750;
"2012-10-01 00:00:00";171860;
"2012-10-02 00:00:00";89614;
"2012-10-03 00:00:00";97314;
"2012-10-04 00:00:00";110976;
"2012-10-05 00:00:00";116386;
"2012-10-06 00:00:00";112941;
"2012-10-07 00:00:00";106831;
"2012-10-08 00:00:00";101962;
"2012-10-09 00:00:00";99846;
"2012-10-10 00:00:00";100426;
"2012-10-11 00:00:00";105059;
"2012-10-12 00:00:00";112481;
"2012-10-13 00:00:00";110661;
"2012-10-14 00:00:00";99318;
"2012-10-15 00:00:00";99647;
"2012-10-16 00:00:00";96812;
"2012-10-17 00:00:00";97340;
"2012-10-18 00:00:00";97340;
"2012-10-19 00:00:00";97340;
"2012-10-20 00:00:00";127958;
"2012-10-21 00:00:00";121831;
"2012-10-22 00:00:00";134845;
"2012-10-23 00:00:00";121309;
"2012-10-24 00:00:00";131905;
"2012-10-25 00:00:00";133295;
"2012-10-26 00:00:00";145041;
"2012-10-27 00:00:00";147013;
"2012-10-28 00:00:00";133301;
"2012-10-29 00:00:00";133498;
"2012-10-30 00:00:00";171931;
"2012-10-31 00:00:00";166805;
"2012-11-01 00:00:00";169631;
"2012-11-02 00:00:00";158228;
"2012-11-03 00:00:00";154925;
"2012-11-04 00:00:00";142382;
"2012-11-05 00:00:00";135504;
"2012-11-06 00:00:00";138398;
"2012-11-07 00:00:00";140618;
"2012-11-08 00:00:00";146990;
"2012-11-09 00:00:00";163993;
"2012-11-10 00:00:00";164331;
"2012-11-11 00:00:00";149020;
"2012-11-12 00:00:00";140023;
"2012-11-13 00:00:00";138005;
"2012-11-14 00:00:00";141691;
"2012-11-15 00:00:00";148705;
"2012-11-16 00:00:00";159020;
"2012-11-17 00:00:00";156169;
"2012-11-18 00:00:00";137382;
"2012-11-19 00:00:00";137902;
"2012-11-20 00:00:00";139073;
"2012-11-21 00:00:00";147056;
"2012-11-22 00:00:00";155884;
"2012-11-23 00:00:00";170248;
"2012-11-24 00:00:00";166166;
"2012-11-25 00:00:00";147390;
"2012-11-26 00:00:00";148120;
"2012-11-27 00:00:00";151154;
"2012-11-28 00:00:00";153963;
"2012-11-29 00:00:00";153010;
"2012-11-30 00:00:00";170847;
"2012-12-01 00:00:00";213521;
"2012-12-02 00:00:00";152503;
"2012-12-03 00:00:00";153770;
"2012-12-04 00:00:00";152190;
"2012-12-05 00:00:00";154020;
"2012-12-06 00:00:00";163280;
"2012-12-07 00:00:00";180544;
"2012-12-08 00:00:00";180298;
"2012-12-09 00:00:00";164689;
"2012-12-10 00:00:00";168620;
"2012-12-11 00:00:00";166710;
"2012-12-12 00:00:00";171101;
"2012-12-13 00:00:00";185975;
"2012-12-14 00:00:00";201442;
"2012-12-15 00:00:00";203484;
"2012-12-16 00:00:00";188619;
"2012-12-17 00:00:00";187555;
"2012-12-18 00:00:00";186837;
"2012-12-19 00:00:00";215557;
"2012-12-20 00:00:00";202605;
"2012-12-21 00:00:00";208194;
"2012-12-22 00:00:00";204246;
"2012-12-23 00:00:00";184129;
"2012-12-24 00:00:00";178981;
"2012-12-25 00:00:00";184889;
"2012-12-26 00:00:00";188263;
"2012-12-27 00:00:00";190168;
"2012-12-28 00:00:00";194478;
"2012-12-29 00:00:00";193507;
"2012-12-30 00:00:00";183476;
"2012-12-31 00:00:00";179569;
"2013-01-01 00:00:00";260989;
"2013-01-02 00:00:00";191548;
"2013-01-03 00:00:00";195662;
"2013-01-04 00:00:00";206468;
"2013-01-05 00:00:00";207823;
"2013-01-06 00:00:00";200878;
"2013-01-07 00:00:00";197441;
"2013-01-08 00:00:00";195051;
"2013-01-09 00:00:00";199860;
"2013-01-10 00:00:00";213862;
"2013-01-11 00:00:00";234693;
"2013-01-12 00:00:00";223423;
"2013-01-13 00:00:00";204455;
"2013-01-14 00:00:00";205046;
"2013-01-15 00:00:00";206108;
"2013-01-16 00:00:00";209216;
"2013-01-17 00:00:00";224598;
"2013-01-18 00:00:00";249092;
"2013-01-19 00:00:00";243759;
"2013-01-20 00:00:00";227237;
"2013-01-21 00:00:00";224170;
"2013-01-22 00:00:00";228490;
"2013-01-23 00:00:00";230012;
"2013-01-24 00:00:00";243819;
"2013-01-25 00:00:00";261921;
"2013-01-26 00:00:00";258661;
"2013-01-27 00:00:00";237414;
"2013-01-28 00:00:00";236552;
"2013-01-29 00:00:00";233726;
"2013-01-30 00:00:00";238047;
"2013-01-31 00:00:00";217567;
"2013-02-01 00:00:00";283870;
"2013-02-02 00:00:00";261182;
"2013-02-03 00:00:00";236051;
"2013-02-04 00:00:00";234582;
"2013-02-05 00:00:00";235657;
"2013-02-06 00:00:00";238126;
"2013-02-07 00:00:00";254630;
"2013-02-08 00:00:00";273953;
"2013-02-09 00:00:00";273967;
"2013-02-10 00:00:00";255378;
"2013-02-11 00:00:00";253257;
"2013-02-12 00:00:00";250883;
"2013-02-13 00:00:00";237422;
"2013-02-14 00:00:00";259980;
"2013-02-15 00:00:00";284234;
"2013-02-16 00:00:00";281180;
"2013-02-17 00:00:00";256970;
"2013-02-18 00:00:00";252643;
"2013-02-19 00:00:00";253259;
"2013-02-20 00:00:00";255376;
"2013-02-21 00:00:00";266857;
"2013-02-22 00:00:00";274436;
"2013-02-23 00:00:00";283477;
"2013-02-24 00:00:00";250751;
"2013-02-25 00:00:00";253759;
"2013-02-26 00:00:00";248683;
"2013-02-27 00:00:00";252186;
"2013-02-28 00:00:00";269649;
"2013-03-01 00:00:00";325598;
"2013-03-02 00:00:00";289711;
"2013-03-03 00:00:00";256668;
"2013-03-04 00:00:00";257875;
"2013-03-05 00:00:00";257117;
"2013-03-06 00:00:00";265725;
"2013-03-07 00:00:00";266333;
"2013-03-08 00:00:00";303068;
"2013-03-09 00:00:00";325897;
"2013-03-10 00:00:00";267082;
"2013-03-11 00:00:00";263995;
"2013-03-12 00:00:00";260335;
"2013-03-13 00:00:00";262759;
"2013-03-14 00:00:00";279310;
"2013-03-15 00:00:00";297313;
"2013-03-16 00:00:00";293090;
"2013-03-17 00:00:00";261736;
"2013-03-18 00:00:00";263445;
"2013-03-19 00:00:00";263566;
"2013-03-20 00:00:00";270405;
"2013-03-21 00:00:00";281979;
"2013-03-22 00:00:00";303083;
"2013-03-23 00:00:00";311078;
"2013-03-24 00:00:00";281143;
"2013-03-25 00:00:00";272025;
"2013-03-26 00:00:00";274017;
"2013-03-27 00:00:00";282141;
"2013-03-28 00:00:00";299627;
"2013-03-29 00:00:00";301486;
"2013-03-30 00:00:00";293265;
"2013-03-31 00:00:00";274605;
"2013-04-01 00:00:00";299667;
"2013-04-02 00:00:00";271429;
"2013-04-03 00:00:00";267248;
"2013-04-04 00:00:00";285748;
"2013-04-05 00:00:00";297580;
"2013-04-06 00:00:00";300414;
"2013-04-07 00:00:00";273058;
"2013-04-08 00:00:00";270882;
"2013-04-09 00:00:00";269293;
"2013-04-10 00:00:00";269683;
"2013-04-11 00:00:00";282225;
"2013-04-12 00:00:00";297510;
"2013-04-13 00:00:00";292130;
"2013-04-14 00:00:00";261387;
"2013-04-15 00:00:00";262444;
"2013-04-16 00:00:00";259406;
"2013-04-17 00:00:00";260680;
"2013-04-18 00:00:00";270114;
"2013-04-19 00:00:00";285389;
"2013-04-20 00:00:00";286189;
"2013-04-21 00:00:00";267804;
"2013-04-22 00:00:00";267223;
"2013-04-23 00:00:00";264998;
"2013-04-24 00:00:00";261898;
"2013-04-25 00:00:00";269414;
"2013-04-26 00:00:00";286214;
"2013-04-27 00:00:00";292781;
"2013-04-28 00:00:00";266221;
"2013-04-29 00:00:00";275774;
"2013-04-30 00:00:00";261609;
"2013-05-01 00:00:00";325815;
"2013-05-02 00:00:00";272184;
"2013-05-03 00:00:00";292144;
"2013-05-04 00:00:00";280686;
"2013-05-05 00:00:00";259738;
"2013-05-06 00:00:00";256628;
"2013-05-07 00:00:00";262217;
"2013-05-08 00:00:00";252705;
"2013-05-09 00:00:00";269240;
"2013-05-10 00:00:00";298705;
"2013-05-11 00:00:00";295032;
"2013-05-12 00:00:00";302958;
"2013-05-13 00:00:00";304621;
"2013-05-14 00:00:00";306467;
"2013-05-15 00:00:00";302926;
"2013-05-16 00:00:00";318890;
"2013-05-17 00:00:00";329977;
"2013-05-18 00:00:00";328713;
"2013-05-19 00:00:00";312562;
"2013-05-20 00:00:00";307248;
"2013-05-21 00:00:00";304716;
"2013-05-22 00:00:00";324498;
"2013-05-23 00:00:00";303529;
"2013-05-24 00:00:00";311696;
"2013-05-25 00:00:00";318606;
"2013-05-26 00:00:00";303848;
"2013-05-27 00:00:00";317067;
"2013-05-28 00:00:00";311520;
"2013-05-29 00:00:00";308015;
"2013-05-30 00:00:00";303763;
"2013-05-31 00:00:00";312245;
"2013-06-01 00:00:00";326160;
"2013-06-02 00:00:00";298910;
"2013-06-03 00:00:00";300585;
"2013-06-04 00:00:00";295791;
"2013-06-05 00:00:00";297766;
"2013-06-06 00:00:00";301152;
"2013-06-07 00:00:00";308039;
"2013-06-08 00:00:00";326835;
"2013-06-09 00:00:00";299360;
"2013-06-10 00:00:00";301738;
"2013-06-11 00:00:00";293300;
"2013-06-12 00:00:00";296693;
"2013-06-13 00:00:00";298580;
"2013-06-14 00:00:00";305281;
"2013-06-15 00:00:00";311932;
"2013-06-16 00:00:00";301662;
"2013-06-17 00:00:00";298103;
"2013-06-18 00:00:00";296900;
"2013-06-19 00:00:00";292222;
"2013-06-20 00:00:00";289563;
"2013-06-21 00:00:00";306830;
"2013-06-22 00:00:00";315297;
"2013-06-23 00:00:00";303377;
"2013-06-24 00:00:00";293750;
"2013-06-25 00:00:00";294830;
"2013-06-26 00:00:00";293282;
"2013-06-27 00:00:00";294990;
"2013-06-28 00:00:00";306089;
"2013-06-29 00:00:00";324739;
"2013-06-30 00:00:00";301960;
"2013-07-01 00:00:00";422617;
"2013-07-02 00:00:00";299678;
"2013-07-03 00:00:00";312026;
"2013-07-04 00:00:00";319772;
"2013-07-05 00:00:00";335314;
"2013-07-06 00:00:00";328486;
"2013-07-07 00:00:00";322038;
"2013-07-08 00:00:00";314788;
"2013-07-09 00:00:00";335335;
"2013-07-10 00:00:00";333115;
"2013-07-11 00:00:00";327915;
"2013-07-12 00:00:00";334106;
"2013-07-13 00:00:00";347619;
"2013-07-14 00:00:00";334074;
"2013-07-15 00:00:00";332896;
"2013-07-16 00:00:00";328484;
"2013-07-17 00:00:00";337550;
"2013-07-18 00:00:00";350927;
"2013-07-19 00:00:00";385324;
"2013-07-20 00:00:00";396917;
"2013-07-21 00:00:00";382742;
"2013-07-22 00:00:00";390724;
"2013-07-23 00:00:00";376148;
"2013-07-24 00:00:00";391566;
"2013-07-25 00:00:00";397368;
"2013-07-26 00:00:00";410882;
"2013-07-27 00:00:00";432837;
"2013-07-28 00:00:00";417945;
"2013-07-29 00:00:00";423332;
"2013-07-30 00:00:00";411302;
"2013-07-31 00:00:00";411308;
"2013-08-01 00:00:00";520532;
"2013-08-02 00:00:00";497332;
"2013-08-03 00:00:00";494675;
"2013-08-04 00:00:00";473584;
"2013-08-05 00:00:00";439522;
"2013-08-06 00:00:00";439990;
"2013-08-07 00:00:00";443921;
"2013-08-08 00:00:00";447368;
"2013-08-09 00:00:00";471867;
"2013-08-10 00:00:00";497956;
"2013-08-11 00:00:00";477143;
"2013-08-12 00:00:00";466285;
"2013-08-13 00:00:00";463428;
"2013-08-14 00:00:00";456510;
"2013-08-15 00:00:00";457334;
"2013-08-16 00:00:00";469142;
"2013-08-17 00:00:00";482395;
"2013-08-18 00:00:00";459261;
"2013-08-19 00:00:00";451632;
"2013-08-20 00:00:00";455760;
"2013-08-21 00:00:00";458834;
"2013-08-22 00:00:00";460976;
"2013-08-23 00:00:00";473934;
"2013-08-24 00:00:00";486116;
"2013-08-25 00:00:00";476855;
"2013-08-26 00:00:00";485440;
"2013-08-27 00:00:00";484006;
"2013-08-28 00:00:00";490451;
"2013-08-29 00:00:00";500715;
"2013-08-30 00:00:00";524282;
"2013-08-31 00:00:00";384727;
"2013-09-01 00:00:00";566715;
"2013-09-02 00:00:00";483253;
"2013-09-03 00:00:00";483771;
"2013-09-04 00:00:00";491679;
"2013-09-05 00:00:00";520783;
"2013-09-06 00:00:00";541832;
"2013-09-07 00:00:00";539723;
"2013-09-08 00:00:00";475336;
"2013-09-09 00:00:00";483835;
"2013-09-10 00:00:00";428406;
"2013-09-11 00:00:00";478811;
"2013-09-12 00:00:00";508910;
"2013-09-13 00:00:00";541350;
"2013-09-14 00:00:00";536038;
"2013-09-15 00:00:00";477271;
"2013-09-16 00:00:00";477645;
"2013-09-17 00:00:00";494207;
"2013-09-18 00:00:00";483755;
"2013-09-19 00:00:00";516188;
"2013-09-20 00:00:00";536431;
"2013-09-21 00:00:00";524991;
"2013-09-22 00:00:00";484336;
"2013-09-23 00:00:00";473997;
"2013-09-24 00:00:00";499550;
"2013-09-25 00:00:00";496673;
"2013-09-26 00:00:00";513287;
"2013-09-27 00:00:00";546925;
"2013-09-28 00:00:00";567901;
"2013-09-29 00:00:00";508128;
"2013-09-30 00:00:00";492522;
"2013-10-01 00:00:00";581615;
"2013-10-02 00:00:00";502593;
"2013-10-03 00:00:00";515093;
"2013-10-04 00:00:00";546946;
"2013-10-05 00:00:00";555245;
"2013-10-06 00:00:00";481271;
"2013-10-07 00:00:00";473205;
"2013-10-08 00:00:00";485706;
"2013-10-09 00:00:00";488164;
"2013-10-10 00:00:00";497371;
"2013-10-11 00:00:00";570919;
"2013-10-12 00:00:00";561942;
"2013-10-13 00:00:00";520709;
"2013-10-14 00:00:00";508082;
"2013-10-15 00:00:00";508265;
"2013-10-16 00:00:00";516568;
"2013-10-17 00:00:00";551611;
"2013-10-18 00:00:00";581794;
"2013-10-19 00:00:00";570259;
"2013-10-20 00:00:00";510539;
"2013-10-21 00:00:00";526072;
"2013-10-22 00:00:00";519706;
"2013-10-23 00:00:00";524665;
"2013-10-24 00:00:00";544196;
"2013-10-25 00:00:00";570239;
"2013-10-26 00:00:00";582526;
"2013-10-27 00:00:00";520141;
"2013-10-28 00:00:00";513151;
"2013-10-29 00:00:00";507429;
"2013-10-30 00:00:00";455531;
"2013-10-31 00:00:00";523012;
"2013-11-01 00:00:00";702792;
"2013-11-02 00:00:00";567230;
"2013-11-03 00:00:00";521723;
"2013-11-04 00:00:00";492458;
"2013-11-05 00:00:00";502235;
"2013-11-06 00:00:00";512647;
"2013-11-07 00:00:00";541289;
"2013-11-08 00:00:00";580644;
"2013-11-09 00:00:00";573938;
"2013-11-10 00:00:00";494307;
"2013-11-11 00:00:00";500439;
"2013-11-12 00:00:00";330197;
"2013-11-13 00:00:00";356114;
"2013-11-14 00:00:00";653867;
"2013-11-15 00:00:00";707938;
"2013-11-16 00:00:00";654132;
"2013-11-17 00:00:00";548707;
"2013-11-18 00:00:00";530955;
"2013-11-19 00:00:00";534348;
"2013-11-20 00:00:00";509245;
"2013-11-21 00:00:00";539328;
"2013-11-22 00:00:00";588216;
"2013-11-23 00:00:00";577387;
"2013-11-24 00:00:00";505544;
"2013-11-25 00:00:00";505046;
"2013-11-26 00:00:00";508769;
"2013-11-27 00:00:00";483019;
"2013-11-28 00:00:00";517844;
"2013-11-29 00:00:00";542906;
"2013-11-30 00:00:00";531279;
"2013-12-01 00:00:00";685503;
"2013-12-02 00:00:00";476118;
"2013-12-03 00:00:00";478642;
"2013-12-04 00:00:00";489440;
"2013-12-05 00:00:00";532566;
"2013-12-06 00:00:00";574132;
"2013-12-07 00:00:00";547638;
"2013-12-08 00:00:00";500219;
"2013-12-09 00:00:00";502393;
"2013-12-10 00:00:00";499432;
"2013-12-11 00:00:00";504181;
"2013-12-12 00:00:00";571497;
"2013-12-13 00:00:00";686016;
"2013-12-14 00:00:00";693538;
"2013-12-15 00:00:00";611280;
"2013-12-16 00:00:00";598512;
"2013-12-17 00:00:00";572596;
"2013-12-18 00:00:00";578418;
"2013-12-19 00:00:00";618452;
"2013-12-20 00:00:00";651640;
"2013-12-21 00:00:00";506467;
"2013-12-22 00:00:00";506467;
"2013-12-23 00:00:00";561592;
"2013-12-24 00:00:00";561501;
"2013-12-25 00:00:00";442513;
"2013-12-26 00:00:00";587722;
"2013-12-27 00:00:00";413692;
"2013-12-28 00:00:00";601749;
"2013-12-29 00:00:00";584682;
"2013-12-30 00:00:00";540407;
"2013-12-31 00:00:00";556087;
"2014-01-01 00:00:00";673496;
"2014-01-02 00:00:00";457656;
"2014-01-03 00:00:00";645254;
"2014-01-04 00:00:00";634717;
"2014-01-05 00:00:00";599540;
"2014-01-06 00:00:00";502059;
"2014-01-07 00:00:00";577628;
"2014-01-08 00:00:00";574509;
"2014-01-09 00:00:00";572672;
"2014-01-10 00:00:00";626353;
"2014-01-11 00:00:00";622623;
"2014-01-12 00:00:00";555071;
"2014-01-13 00:00:00";552337;
"2014-01-14 00:00:00";544645;
"2014-01-15 00:00:00";558732;
"2014-01-16 00:00:00";581086;
"2014-01-17 00:00:00";619653;
"2014-01-18 00:00:00";613297;
"2014-01-19 00:00:00";576990;
"2014-01-20 00:00:00";548326;
"2014-01-21 00:00:00";551409;
"2014-01-22 00:00:00";575760;
"2014-01-23 00:00:00";604594;
"2014-01-24 00:00:00";634532;
"2014-01-25 00:00:00";642435;
"2014-01-26 00:00:00";417186;
"2014-01-27 00:00:00";296193;
"2014-01-28 00:00:00";578251;
"2014-01-29 00:00:00";675958;
"2014-01-30 00:00:00";657007;
"2014-01-31 00:00:00";661837;
"2014-02-01 00:00:00";738682;
"2014-02-02 00:00:00";604502;
"2014-02-03 00:00:00";596187;
"2014-02-04 00:00:00";610285;
"2014-02-05 00:00:00";729942;
"2014-02-06 00:00:00";667850;
"2014-02-07 00:00:00";740345;
"2014-02-08 00:00:00";695927;
"2014-02-09 00:00:00";609499;
"2014-02-10 00:00:00";615469;
"2014-02-11 00:00:00";666560;
"2014-02-12 00:00:00";613380;
"2014-02-13 00:00:00";416160;
"2014-02-14 00:00:00";710808;
"2014-02-15 00:00:00";706259;
"2014-02-16 00:00:00";606829;
"2014-02-17 00:00:00";603443;
"2014-02-18 00:00:00";620818;
"2014-02-19 00:00:00";438497;
"2014-02-20 00:00:00";615303;
"2014-02-21 00:00:00";675875;
"2014-02-22 00:00:00";642813;
"2014-02-23 00:00:00";574042;
"2014-02-24 00:00:00";579543;
"2014-02-25 00:00:00";583930;
"2014-02-26 00:00:00";587431;
"2014-02-27 00:00:00";606669;
"2014-02-28 00:00:00";665749;
"2014-03-01 00:00:00";698197;
"2014-03-02 00:00:00";585132;
"2014-03-03 00:00:00";583428;
"2014-03-04 00:00:00";578006;
"2014-03-05 00:00:00";584382;
"2014-03-06 00:00:00";647284;
"2014-03-07 00:00:00";650813;
"2014-03-08 00:00:00";656038;
"2014-03-09 00:00:00";609114;
"2014-03-10 00:00:00";586636;
"2014-03-11 00:00:00";588844;
"2014-03-12 00:00:00";591707;
"2014-03-13 00:00:00";626825;
"2014-03-14 00:00:00";679193;
"2014-03-15 00:00:00";663760;
"2014-03-16 00:00:00";598644;
"2014-03-17 00:00:00";608112;
"2014-03-18 00:00:00";620428;
"2014-03-19 00:00:00";650002;
"2014-03-20 00:00:00";543224;
"2014-03-21 00:00:00";666854;
"2014-03-22 00:00:00";695945;
"2014-03-23 00:00:00";623924;
"2014-03-24 00:00:00";407062;
"2014-03-25 00:00:00";631455;
"2014-03-26 00:00:00";634043;
"2014-03-27 00:00:00";657624;
"2014-03-28 00:00:00";700665;
"2014-03-29 00:00:00";679569;
"2014-03-30 00:00:00";631615;
"2014-03-31 00:00:00";619063;
"2014-04-01 00:00:00";734998;
"2014-04-02 00:00:00";632635;
"2014-04-03 00:00:00";667534;
"2014-04-04 00:00:00";702239;
"2014-04-05 00:00:00";702365;
"2014-04-06 00:00:00";634753;
"2014-04-07 00:00:00";649263;
"2014-04-08 00:00:00";642001;
"2014-04-09 00:00:00";652265;
"2014-04-10 00:00:00";697646;
"2014-04-11 00:00:00";737526;
"2014-04-12 00:00:00";699097;
"2014-04-13 00:00:00";648414;
"2014-04-14 00:00:00";650573;
"2014-04-15 00:00:00";654910;
"2014-04-16 00:00:00";647696;
"2014-04-17 00:00:00";689652;
"2014-04-18 00:00:00";690721;
"2014-04-19 00:00:00";659470;
"2014-04-20 00:00:00";679703;
"2014-04-21 00:00:00";655689;
"2014-04-22 00:00:00";656902;
"2014-04-23 00:00:00";658341;
"2014-04-24 00:00:00";697091;
"2014-04-25 00:00:00";681226;
"2014-04-26 00:00:00";690882;
"2014-04-27 00:00:00";655916;
"2014-04-28 00:00:00";663396;
"2014-04-29 00:00:00";676331;
"2014-04-30 00:00:00";676479;
"2014-05-01 00:00:00";843024;
"2014-05-02 00:00:00";685495;
"2014-05-03 00:00:00";711106;
"2014-05-04 00:00:00";664408;
"2014-05-05 00:00:00";661168;
"2014-05-06 00:00:00";648206;
"2014-05-07 00:00:00";668633;
"2014-05-08 00:00:00";665149;
"2014-05-09 00:00:00";786113;
"2014-05-10 00:00:00";796661;
"2014-05-11 00:00:00";748984;
"2014-05-12 00:00:00";753508;
"2014-05-13 00:00:00";731783;
"2014-05-14 00:00:00";713343;
"2014-05-15 00:00:00";796342;
"2014-05-16 00:00:00";845664;
"2014-05-17 00:00:00";814752;
"2014-05-18 00:00:00";762303;
"2014-05-19 00:00:00";787385;
"2014-05-20 00:00:00";758622;
"2014-05-21 00:00:00";754651;
"2014-05-22 00:00:00";788693;
"2014-05-23 00:00:00";819935;
"2014-05-24 00:00:00";827651;
"2014-05-25 00:00:00";799913;
"2014-05-26 00:00:00";779319;
"2014-05-27 00:00:00";768045;
"2014-05-28 00:00:00";754598;
"2014-05-29 00:00:00";769048;
"2014-05-30 00:00:00";826922;
"2014-05-31 00:00:00";837414;
"2014-06-01 00:00:00";833145;
"2014-06-02 00:00:00";783670;
"2014-06-03 00:00:00";778969;
"2014-06-04 00:00:00";783644;
"2014-06-05 00:00:00";804664;
"2014-06-06 00:00:00";819774;
"2014-06-07 00:00:00";826114;
"2014-06-08 00:00:00";798912;
"2014-06-09 00:00:00";789361;
"2014-06-10 00:00:00";783876;
"2014-06-11 00:00:00";771885;
"2014-06-12 00:00:00";806131;
"2014-06-13 00:00:00";832085;
"2014-06-14 00:00:00";811921;
"2014-06-15 00:00:00";766156;
"2014-06-16 00:00:00";759217;
"2014-06-17 00:00:00";755754;
"2014-06-18 00:00:00";532186;
"2014-06-19 00:00:00";778962;
"2014-06-20 00:00:00";824827;
"2014-06-21 00:00:00";783504;
"2014-06-22 00:00:00";746380;
"2014-06-23 00:00:00";733782;
"2014-06-24 00:00:00";728402;
"2014-06-25 00:00:00";715385;
"2014-06-26 00:00:00";747148;
"2014-06-27 00:00:00";764227;
"2014-06-28 00:00:00";775279;
"2014-06-29 00:00:00";730276;
"2014-06-30 00:00:00";728779;
"2014-07-01 00:00:00";874975;
"2014-07-02 00:00:00";719438;
"2014-07-03 00:00:00";738678;
"2014-07-04 00:00:00";766644;
"2014-07-05 00:00:00";759586;
"2014-07-06 00:00:00";734125;
"2014-07-07 00:00:00";805506;
"2014-07-08 00:00:00";857863;
"2014-07-09 00:00:00";852344;
"2014-07-10 00:00:00";891058;
"2014-07-11 00:00:00";885423;
"2014-07-12 00:00:00";841743;
"2014-07-13 00:00:00";803778;
"2014-07-14 00:00:00";777538;
"2014-07-15 00:00:00";736209;
"2014-07-16 00:00:00";726226;
"2014-07-17 00:00:00";813808;
"2014-07-18 00:00:00";861117;
"2014-07-19 00:00:00";833276;
"2014-07-20 00:00:00";861604;
"2014-07-21 00:00:00";789383;
"2014-07-22 00:00:00";771097;
"2014-07-23 00:00:00";759592;
"2014-07-24 00:00:00";765578;
"2014-07-25 00:00:00";770144;
"2014-07-26 00:00:00";776630;
"2014-07-27 00:00:00";755602;
"2014-07-28 00:00:00";734950;
"2014-07-29 00:00:00";728499;
"2014-07-30 00:00:00";482992;
"2014-07-31 00:00:00";733375;
"2014-08-01 00:00:00";774319;
"2014-08-02 00:00:00";755965;
"2014-08-03 00:00:00";729972;
"2014-08-04 00:00:00";729111;
"2014-08-05 00:00:00";444221;
"2014-08-06 00:00:00";717892;
"2014-08-07 00:00:00";727835;
"2014-08-08 00:00:00";743085;
"2014-08-09 00:00:00";753337;
"2014-08-10 00:00:00";493227;
"2014-08-11 00:00:00";735456;
"2014-08-12 00:00:00";724333;
"2014-08-13 00:00:00";723740;
"2014-08-14 00:00:00";709943;
"2014-08-15 00:00:00";742036;
"2014-08-16 00:00:00";756195;
"2014-08-17 00:00:00";729790;
"2014-08-18 00:00:00";731207;
"2014-08-19 00:00:00";740153;
"2014-08-20 00:00:00";716396;
"2014-08-21 00:00:00";742164;
"2014-08-22 00:00:00";744850;
"2014-08-23 00:00:00";776400;
"2014-08-24 00:00:00";735866;
"2014-08-25 00:00:00";733808;
"2014-08-26 00:00:00";738322;
"2014-08-27 00:00:00";733573;
"2014-08-28 00:00:00";751336;
"2014-08-29 00:00:00";775707;
"2014-08-30 00:00:00";767429;
"2014-08-31 00:00:00";708046;
"2014-09-01 00:00:00";864261;
"2014-09-02 00:00:00";702894;
"2014-09-03 00:00:00";711115;
"2014-09-04 00:00:00";787856;
"2014-09-05 00:00:00";811532;
"2014-09-06 00:00:00";830325;
"2014-09-07 00:00:00";738234;
"2014-09-08 00:00:00";742054;
"2014-09-09 00:00:00";744625;
"2014-09-10 00:00:00";750746;
"2014-09-11 00:00:00";799747;
"2014-09-12 00:00:00";820894;
"2014-09-13 00:00:00";828947;
"2014-09-14 00:00:00";740055;
"2014-09-15 00:00:00";725711;
"2014-09-16 00:00:00";732688;
"2014-09-17 00:00:00";738122;
"2014-09-18 00:00:00";794295;
"2014-09-19 00:00:00";837163;
"2014-09-20 00:00:00";795571;
"2014-09-21 00:00:00";725249;
"2014-09-22 00:00:00";733014;
"2014-09-23 00:00:00";744124;
"2014-09-24 00:00:00";441244;
"2014-09-25 00:00:00";577251;
"2014-09-26 00:00:00";852679;
"2014-09-27 00:00:00";865814;
"2014-09-28 00:00:00";772393;
"2014-09-29 00:00:00";784180;
"2014-09-30 00:00:00";750863;
"2014-10-01 00:00:00";880655;
"2014-10-02 00:00:00";793442;
"2014-10-03 00:00:00";823770;
"2014-10-04 00:00:00";844506;
"2014-10-05 00:00:00";772560;
"2014-10-06 00:00:00";747971;
"2014-10-07 00:00:00";752899;
"2014-10-08 00:00:00";741823;
"2014-10-09 00:00:00";796121;
"2014-10-10 00:00:00";885661;
"2014-10-11 00:00:00";839830;
"2014-10-12 00:00:00";751557;
"2014-10-13 00:00:00";742438;
"2014-10-14 00:00:00";736163;
"2014-10-15 00:00:00";752691;
"2014-10-16 00:00:00";821660;
"2014-10-17 00:00:00";875602;
"2014-10-18 00:00:00";839975;
"2014-10-19 00:00:00";742670;
"2014-10-20 00:00:00";754053;
"2014-10-21 00:00:00";748329;
"2014-10-22 00:00:00";760439;
"2014-10-23 00:00:00";824850;
"2014-10-24 00:00:00";879052;
"2014-10-25 00:00:00";826031;
"2014-10-26 00:00:00";760178;
"2014-10-27 00:00:00";759484;
"2014-10-28 00:00:00";761104;
"2014-10-29 00:00:00";773409;
"2014-10-30 00:00:00";822930;
"2014-10-31 00:00:00";872471;
"2014-11-01 00:00:00";963810;
"2014-11-02 00:00:00";797497;
"2014-11-03 00:00:00";796256;
"2014-11-04 00:00:00";775711;
"2014-11-05 00:00:00";771061;
"2014-11-06 00:00:00";850677;
"2014-11-07 00:00:00";892972;
"2014-11-08 00:00:00";864404;
"2014-11-09 00:00:00";739095;
"2014-11-10 00:00:00";755168;
"2014-11-11 00:00:00";739531;
"2014-11-12 00:00:00";732042;
"2014-11-13 00:00:00";805654;
"2014-11-14 00:00:00";898676;
"2014-11-15 00:00:00";846146;
"2014-11-16 00:00:00";734826;
"2014-11-17 00:00:00";730554;
"2014-11-18 00:00:00";742819;
"2014-11-19 00:00:00";745069;
"2014-11-20 00:00:00";888114;
"2014-11-21 00:00:00";882567;
"2014-11-22 00:00:00";930531;
"2014-11-23 00:00:00";825663;
"2014-11-24 00:00:00";819901;
"2014-11-25 00:00:00";817514;
"2014-11-26 00:00:00";806882;
"2014-11-27 00:00:00";881330;
"2014-11-28 00:00:00";924295;
"2014-11-29 00:00:00";884176;
"2014-11-30 00:00:00";767246;
"2014-12-01 00:00:00";936583;
"2014-12-02 00:00:00";773994;
"2014-12-03 00:00:00";792118;
"2014-12-04 00:00:00";855307;
"2014-12-05 00:00:00";580168;
"2014-12-06 00:00:00";876239;
"2014-12-07 00:00:00";752165;
"2014-12-08 00:00:00";736765;
"2014-12-09 00:00:00";726601;
"2014-12-10 00:00:00";728204;
"2014-12-11 00:00:00";797714;
"2014-12-12 00:00:00";869563;
"2014-12-13 00:00:00";822260;
"2014-12-14 00:00:00";740088;
"2014-12-15 00:00:00";755511;
"2014-12-16 00:00:00";754105;
"2014-12-17 00:00:00";747681;
"2014-12-18 00:00:00";818576;
"2014-12-19 00:00:00";870804;
"2014-12-20 00:00:00";847643;
"2014-12-21 00:00:00";776530;
"2014-12-22 00:00:00";777888;
"2014-12-23 00:00:00";742414;
"2014-12-24 00:00:00";759807;
"2014-12-25 00:00:00";823782;
"2014-12-26 00:00:00";872886;
"2014-12-27 00:00:00";847413;
"2014-12-28 00:00:00";815599;
"2014-12-29 00:00:00";819209;
"2014-12-30 00:00:00";752301;
"2014-12-31 00:00:00";795369;
"2015-01-01 00:00:00";961737;
"2015-01-02 00:00:00";878508;
"2015-01-03 00:00:00";835544;
"2015-01-04 00:00:00";770788;
"2015-01-05 00:00:00";844391;
"2015-01-06 00:00:00";641040;
"2015-01-07 00:00:00";870048;
"2015-01-08 00:00:00";911376;
"2015-01-09 00:00:00";961580;
"2015-01-10 00:00:00";906632;
"2015-01-11 00:00:00";820956;
"2015-01-12 00:00:00";810767;
"2015-01-13 00:00:00";700680;
"2015-01-14 00:00:00";819856;
"2015-01-15 00:00:00";846903;
"2015-01-16 00:00:00";918330;
"2015-01-17 00:00:00";867482;
"2015-01-18 00:00:00";794596;
"2015-01-19 00:00:00";779020;
"2015-01-20 00:00:00";789035;
"2015-01-21 00:00:00";803806;
"2015-01-22 00:00:00";860424;
"2015-01-23 00:00:00";918844;
"2015-01-24 00:00:00";899373;
"2015-01-25 00:00:00";795036;
"2015-01-26 00:00:00";799664;
"2015-01-27 00:00:00";799664;
"2015-01-28 00:00:00";845424;
"2015-01-29 00:00:00";911684;
"2015-01-30 00:00:00";967892;
"2015-01-31 00:00:00";946322;
"2015-02-01 00:00:00";1262612;
"2015-02-02 00:00:00";823464;
"2015-02-03 00:00:00";822106;
"2015-02-04 00:00:00";849207;
"2015-02-05 00:00:00";843125;
"2015-02-06 00:00:00";639451;
"2015-02-07 00:00:00";639451;
"2015-02-08 00:00:00";639451;
"2015-02-09 00:00:00";639451;
"2015-02-10 00:00:00";490132;
"2015-02-11 00:00:00";490132;
"2015-02-12 00:00:00";490132;
"2015-02-13 00:00:00";1075464;
"2015-02-14 00:00:00";1059384;
"2015-02-15 00:00:00";986689;
"2015-02-16 00:00:00";;
"2015-02-17 00:00:00";696702;
"2015-02-18 00:00:00";1195170;
"2015-02-19 00:00:00";1179958;
"2015-02-20 00:00:00";1227193;
"2015-02-21 00:00:00";1263992;
"2015-02-22 00:00:00";1193305;
"2015-02-23 00:00:00";1174502;
"2015-02-24 00:00:00";626977;
"2015-02-25 00:00:00";;
"2015-02-26 00:00:00";;
"2015-02-27 00:00:00";;
"2015-02-28 00:00:00";;
"2015-03-01 00:00:00";1213940;
"2015-03-02 00:00:00";;
"2015-03-03 00:00:00";;
"2015-03-04 00:00:00";;
"2015-03-05 00:00:00";;
"2015-03-06 00:00:00";;
"2015-03-07 00:00:00";;
"2015-03-08 00:00:00";;
"2015-03-09 00:00:00";;
"2015-03-10 00:00:00";;
"2015-03-11 00:00:00";;
"2015-03-12 00:00:00";;
"2015-03-13 00:00:00";;
"2015-03-14 00:00:00";;
"2015-03-15 00:00:00";;
"2015-03-16 00:00:00";;
"2015-03-17 00:00:00";;
"2015-03-18 00:00:00";;
"2015-03-19 00:00:00";913348;
"2015-03-20 00:00:00";957147;
"2015-03-21 00:00:00";911731;
"2015-03-22 00:00:00";867248;
"2015-03-23 00:00:00";864013;
"2015-03-24 00:00:00";842421;
"2015-03-25 00:00:00";842888;
"2015-03-26 00:00:00";629409;
"2015-03-27 00:00:00";;
"2015-03-28 00:00:00";;
"2015-03-29 00:00:00";853529;
"2015-03-30 00:00:00";836449;
"2015-03-31 00:00:00";842393;
"2015-04-01 00:00:00";929677;
"2015-04-02 00:00:00";901462;
"2015-04-03 00:00:00";922695;
"2015-04-04 00:00:00";929965;
"2015-04-05 00:00:00";843453;
"2015-04-06 00:00:00";834242;
"2015-04-07 00:00:00";826130;
"2015-04-08 00:00:00";820298;
"2015-04-09 00:00:00";875481;
"2015-04-10 00:00:00";903257;
"2015-04-11 00:00:00";849645;
"2015-04-12 00:00:00";771792;
"2015-04-13 00:00:00";721862;
"2015-04-14 00:00:00";;
"2015-04-15 00:00:00";779682;
"2015-04-16 00:00:00";831742;
"2015-04-17 00:00:00";902325;
"2015-04-18 00:00:00";872549;
"2015-04-19 00:00:00";872742;
"2015-04-20 00:00:00";794160;
"2015-04-21 00:00:00";789852;
"2015-04-22 00:00:00";780972;
"2015-04-23 00:00:00";802508;
"2015-04-24 00:00:00";852601;
"2015-04-25 00:00:00";852890;
"2015-04-26 00:00:00";807832;
"2015-04-27 00:00:00";772144;
"2015-04-28 00:00:00";774202;
"2015-04-29 00:00:00";836630;
"2015-04-30 00:00:00";898359;
"2015-05-01 00:00:00";950606;
"2015-05-02 00:00:00";950822;
"2015-05-03 00:00:00";928579;
"2015-05-04 00:00:00";882081;
"2015-05-05 00:00:00";857429;
"2015-05-06 00:00:00";869201;
"2015-05-07 00:00:00";912552;
"2015-05-08 00:00:00";926583;
"2015-05-09 00:00:00";926577;
"2015-05-10 00:00:00";900144;
"2015-05-11 00:00:00";867261;
"2015-05-12 00:00:00";834134;
"2015-05-13 00:00:00";836113;
"2015-05-14 00:00:00";923163;
"2015-05-15 00:00:00";970403;
"2015-05-16 00:00:00";967674;
"2015-05-17 00:00:00";947464;
"2015-05-18 00:00:00";855852;
"2015-05-19 00:00:00";853462;
"2015-05-20 00:00:00";847976;
"2015-05-21 00:00:00";888099;
"2015-05-22 00:00:00";923872;
"2015-05-23 00:00:00";923516;
"2015-05-24 00:00:00";934059;
"2015-05-25 00:00:00";934021;
"2015-05-26 00:00:00";903191;
"2015-05-27 00:00:00";903871;
"2015-05-28 00:00:00";953994;
"2015-05-29 00:00:00";967041;
"2015-05-30 00:00:00";967028;
"2015-05-31 00:00:00";948817;
"2015-06-01 00:00:00";894667;
"2015-06-02 00:00:00";880873;
"2015-06-03 00:00:00";881166;
"2015-06-04 00:00:00";906295;
"2015-06-05 00:00:00";914899;
"2015-06-06 00:00:00";914947;
"2015-06-07 00:00:00";915726;
"2015-06-08 00:00:00";876602;
"2015-06-09 00:00:00";870367;
"2015-06-10 00:00:00";842885;
"2015-06-11 00:00:00";859840;
"2015-06-12 00:00:00";830005;
"2015-06-13 00:00:00";839119;
"2015-06-14 00:00:00";845925;
"2015-06-15 00:00:00";777241;
"2015-06-16 00:00:00";837237;
"2015-06-17 00:00:00";828753;
"2015-06-18 00:00:00";838864;
"2015-06-19 00:00:00";864624;
"2015-06-20 00:00:00";884235;
"2015-06-21 00:00:00";883998;
"2015-06-22 00:00:00";839068;
"2015-06-23 00:00:00";828032;
"2015-06-24 00:00:00";823427;
"2015-06-25 00:00:00";810853;
"2015-06-26 00:00:00";830005;
"2015-06-27 00:00:00";866173;
"2015-06-28 00:00:00";855257;
"2015-06-29 00:00:00";811830;
"2015-06-30 00:00:00";805421;
"2015-07-01 00:00:00";785837;
"2015-07-02 00:00:00";800840;
"2015-07-03 00:00:00";828386;
"2015-07-04 00:00:00";852530;
"2015-07-05 00:00:00";840577;
"2015-07-06 00:00:00";809017;
"2015-07-07 00:00:00";783335;
"2015-07-08 00:00:00";808039;
"2015-07-09 00:00:00";804106;
"2015-07-10 00:00:00";799339;
"2015-07-11 00:00:00";858730;
"2015-07-12 00:00:00";857639;
"2015-07-13 00:00:00";816802;
"2015-07-14 00:00:00";814225;
"2015-07-15 00:00:00";785121;
"2015-07-16 00:00:00";788378;
"2015-07-17 00:00:00";764390;
"2015-07-18 00:00:00";792754;
"2015-07-19 00:00:00";807297;
"2015-07-20 00:00:00";783793;
"2015-07-21 00:00:00";756317;
"2015-07-22 00:00:00";794089;
"2015-07-23 00:00:00";807766;
"2015-07-24 00:00:00";804324;
"2015-07-25 00:00:00";831185;
"2015-07-26 00:00:00";836977;
"2015-07-27 00:00:00";819270;
"2015-07-28 00:00:00";857715;
"2015-07-29 00:00:00";772649;
"2015-07-30 00:00:00";862533;
"2015-07-31 00:00:00";877264;
"2015-08-01 00:00:00";888922;
"2015-08-02 00:00:00";869897;
"2015-08-03 00:00:00";849227;
"2015-08-04 00:00:00";867682;
"2015-08-05 00:00:00";881341;
"2015-08-06 00:00:00";892250;
"2015-08-07 00:00:00";905992;
"2015-08-08 00:00:00";929855;
"2015-08-09 00:00:00";933942;
"2015-08-10 00:00:00";903742;
"2015-08-11 00:00:00";891526;
"2015-08-12 00:00:00";871844;
"2015-08-13 00:00:00";843077;
"2015-08-14 00:00:00";882479;
"2015-08-15 00:00:00";912167;
"2015-08-16 00:00:00";913025;
"2015-08-17 00:00:00";871136;
"2015-08-18 00:00:00";887483;
"2015-08-19 00:00:00";865650;
"2015-08-20 00:00:00";859559;
"2015-08-21 00:00:00";883124;
"2015-08-22 00:00:00";914821;
"2015-08-23 00:00:00";898915;
"2015-08-24 00:00:00";875519;
"2015-08-25 00:00:00";871290;
"2015-08-26 00:00:00";869550;
"2015-08-27 00:00:00";878261;
"2015-08-28 00:00:00";904806;
"2015-08-29 00:00:00";928196;
"2015-08-30 00:00:00";929404;
"2015-08-31 00:00:00";866614;
"2015-09-01 00:00:00";848618;
"2015-09-02 00:00:00";712621;
"2015-09-03 00:00:00";805198;
"2015-09-04 00:00:00";853017;
"2015-09-05 00:00:00";888728;
"2015-09-06 00:00:00";872955;
"2015-09-07 00:00:00";808091;
"2015-09-08 00:00:00";794153;
"2015-09-09 00:00:00";779742;
"2015-09-10 00:00:00";741933;
"2015-09-11 00:00:00";816490;
"2015-09-12 00:00:00";863533;
"2015-09-13 00:00:00";887735;
"2015-09-14 00:00:00";804409;
"2015-09-15 00:00:00";797276;
"2015-09-16 00:00:00";788458;
"2015-09-17 00:00:00";780077;
"2015-09-18 00:00:00";843743;
"2015-09-19 00:00:00";854655;
"2015-09-20 00:00:00";727645;
"2015-09-21 00:00:00";759409;
"2015-09-22 00:00:00";777899;
"2015-09-23 00:00:00";675559;
"2015-09-24 00:00:00";790979;
"2015-09-25 00:00:00";830620;
"2015-09-26 00:00:00";869752;
"2015-09-27 00:00:00";861278;
"2015-09-28 00:00:00";785665;
"2015-09-29 00:00:00";793599;
"2015-09-30 00:00:00";794067;
"2015-10-01 00:00:00";783710;
"2015-10-02 00:00:00";806087;
"2015-10-03 00:00:00";806902;
"2015-10-04 00:00:00";846506;
"2015-10-05 00:00:00";741110;
"2015-10-06 00:00:00";784148;
"2015-10-07 00:00:00";769463;
"2015-10-08 00:00:00";774094;
"2015-10-09 00:00:00";807696;
"2015-10-10 00:00:00";891315;
"2015-10-11 00:00:00";871013;
"2015-10-12 00:00:00";777595;
"2015-10-13 00:00:00";789560;
"2015-10-14 00:00:00";781300;
"2015-10-15 00:00:00";775912;
"2015-10-16 00:00:00";838099;
"2015-10-17 00:00:00";886420;
"2015-10-18 00:00:00";877413;
"2015-10-19 00:00:00";783032;
"2015-10-20 00:00:00";788728;
"2015-10-21 00:00:00";737324;
"2015-10-22 00:00:00";614219;
"2015-10-23 00:00:00";855782;
"2015-10-24 00:00:00";920726;
"2015-10-25 00:00:00";880653;
"2015-10-26 00:00:00";787502;
"2015-10-27 00:00:00";794911;
"2015-10-28 00:00:00";794600;
"2015-10-29 00:00:00";807071;
"2015-10-30 00:00:00";812865;
"2015-10-31 00:00:00";884658;
"2015-11-01 00:00:00";820301;
"2015-11-02 00:00:00";804955;
"2015-11-03 00:00:00";807035;
"2015-11-04 00:00:00";827611;
"2015-11-05 00:00:00";812189;
"2015-11-06 00:00:00";862751;
"2015-11-07 00:00:00";936435;
"2015-11-08 00:00:00";883820;
"2015-11-09 00:00:00";786685;
"2015-11-10 00:00:00";764623;
"2015-11-11 00:00:00";758508;
"2015-11-12 00:00:00";762902;
"2015-11-13 00:00:00";770842;
"2015-11-14 00:00:00";893696;
"2015-11-15 00:00:00";885519;
"2015-11-16 00:00:00";768503;
"2015-11-17 00:00:00";762878;
"2015-11-18 00:00:00";805364;
"2015-11-19 00:00:00";814711;
"2015-11-20 00:00:00";868800;
"2015-11-21 00:00:00";943635;
"2015-11-22 00:00:00";938452;
"2015-11-23 00:00:00";819893;
"2015-11-24 00:00:00";824984;
"2015-11-25 00:00:00";801070;
"2015-11-26 00:00:00";806469;
"2015-11-27 00:00:00";872981;
"2015-11-28 00:00:00";932447;
"2015-11-29 00:00:00";892824;
"2015-11-30 00:00:00";785340;
"2015-12-01 00:00:00";787339;
"2015-12-02 00:00:00";793816;
"2015-12-03 00:00:00";811370;
"2015-12-04 00:00:00";875300;
"2015-12-05 00:00:00";965737;
"2015-12-06 00:00:00";910799;
"2015-12-07 00:00:00";812398;
"2015-12-08 00:00:00";809411;
"2015-12-09 00:00:00";801863;
"2015-12-10 00:00:00";813830;
"2015-12-11 00:00:00";875420;
"2015-12-12 00:00:00";945840;
"2015-12-13 00:00:00";912044;
"2015-12-14 00:00:00";811128;
"2015-12-15 00:00:00";823501;
"2015-12-16 00:00:00";853789;
"2015-12-17 00:00:00";878623;
"2015-12-18 00:00:00";949318;
"2015-12-19 00:00:00";979628;
"2015-12-20 00:00:00";999452;
"2015-12-21 00:00:00";863814;
"2015-12-22 00:00:00";870708;
"2015-12-23 00:00:00";855222;
"2015-12-24 00:00:00";816695;
"2015-12-25 00:00:00";869546;
"2015-12-26 00:00:00";950224;
"2015-12-27 00:00:00";926607;
"2015-12-28 00:00:00";901861;
"2015-12-29 00:00:00";888853;
"2015-12-30 00:00:00";909917;
"2015-12-31 00:00:00";806555;
"2016-01-01 00:00:00";908676;
"2016-01-02 00:00:00";967158;
"2016-01-03 00:00:00";936423;
"2016-01-04 00:00:00";906887;
"2016-01-05 00:00:00";916418;
"2016-01-06 00:00:00";907849;
"2016-01-07 00:00:00";915795;
"2016-01-08 00:00:00";971474;
"2016-01-09 00:00:00";1016123;
"2016-01-10 00:00:00";978404;
"2016-01-11 00:00:00";868092;
"2016-01-12 00:00:00";888782;
"2016-01-13 00:00:00";858890;
"2016-01-14 00:00:00";870706;
"2016-01-15 00:00:00";919812;
"2016-01-16 00:00:00";996761;
"2016-01-17 00:00:00";967204;
"2016-01-18 00:00:00";885798;
"2016-01-19 00:00:00";876166;
"2016-01-20 00:00:00";880816;
"2016-01-21 00:00:00";884792;
"2016-01-22 00:00:00";946767;
"2016-01-23 00:00:00";1022688;
"2016-01-24 00:00:00";1003513;
"2016-01-25 00:00:00";929946;
"2016-01-26 00:00:00";880313;
"2016-01-27 00:00:00";876146;
"2016-01-28 00:00:00";922032;
"2016-01-29 00:00:00";997689;
"2016-01-30 00:00:00";1067949;
"2016-01-31 00:00:00";1047836;
"2016-02-01 00:00:00";993486;
"2016-02-02 00:00:00";945797;
"2016-02-03 00:00:00";931889;
"2016-02-04 00:00:00";965592;
"2016-02-05 00:00:00";1000846;
"2016-02-06 00:00:00";1093897;
"2016-02-07 00:00:00";1127317;
"2016-02-08 00:00:00";1080658;
"2016-02-09 00:00:00";1012750;
"2016-02-10 00:00:00";934637;
"2016-02-11 00:00:00";886275;
"2016-02-12 00:00:00";925500;
"2016-02-13 00:00:00";1107352;
"2016-02-14 00:00:00";1170144;
"2016-02-15 00:00:00";1050989;
"2016-02-16 00:00:00";999717;
"2016-02-17 00:00:00";1090386;
"2016-02-18 00:00:00";954507;
"2016-02-19 00:00:00";1121480;
"2016-02-20 00:00:00";1201420;
"2016-02-21 00:00:00";1196126;
"2016-02-22 00:00:00";1095546;
"2016-02-23 00:00:00";1143594;
"2016-02-24 00:00:00";1098648;
"2016-02-25 00:00:00";1024281;
"2016-02-26 00:00:00";1153809;
"2016-02-27 00:00:00";1165206;
"2016-02-28 00:00:00";1248394;
"2016-02-29 00:00:00";1052123;
"2016-03-01 00:00:00";1138653;
"2016-03-02 00:00:00";1081111;
"2016-03-03 00:00:00";921469;
"2016-03-04 00:00:00";1013455;
"2016-03-05 00:00:00";1246426;
"2016-03-06 00:00:00";1291328;
"2016-03-07 00:00:00";989453;
"2016-03-08 00:00:00";1005460;
"2016-03-09 00:00:00";903254;
"2016-03-10 00:00:00";897208;
"2016-03-11 00:00:00";977257;
"2016-03-12 00:00:00";1192793;
"2016-03-13 00:00:00";1014433;
"2016-03-14 00:00:00";885350;
"2016-03-15 00:00:00";922669;
"2016-03-16 00:00:00";942661;
"2016-03-17 00:00:00";1004820;
"2016-03-18 00:00:00";1033078;
"2016-03-19 00:00:00";1086823;
"2016-03-20 00:00:00";991554;
"2016-03-21 00:00:00";895818;
"2016-03-22 00:00:00";923745;
"2016-03-23 00:00:00";920575;
"2016-03-24 00:00:00";970287;
"2016-03-25 00:00:00";879819;
"2016-03-26 00:00:00";1009146;
"2016-03-27 00:00:00";950291;
"2016-03-28 00:00:00";900401;
"2016-03-29 00:00:00";923884;
"2016-03-30 00:00:00";1028892;
"2016-03-31 00:00:00";893561;
"2016-04-01 00:00:00";978016;
"2016-04-02 00:00:00";1020215;
"2016-04-03 00:00:00";1009641;
"2016-04-04 00:00:00";906954;
"2016-04-05 00:00:00";866902;
"2016-04-06 00:00:00";912967;
"2016-04-07 00:00:00";882142;
"2016-04-08 00:00:00";1092497;
"2016-04-09 00:00:00";1164041;
"2016-04-10 00:00:00";1130501;
"2016-04-11 00:00:00";1003496;
"2016-04-12 00:00:00";891653;
"2016-04-13 00:00:00";942024;
"2016-04-14 00:00:00";984923;
"2016-04-15 00:00:00";926866;
"2016-04-16 00:00:00";979987;
"2016-04-17 00:00:00";942751;
"2016-04-18 00:00:00";837640;
"2016-04-19 00:00:00";873649;
"2016-04-20 00:00:00";866355;
"2016-04-21 00:00:00";977275;
"2016-04-22 00:00:00";925060;
"2016-04-23 00:00:00";1007743;
"2016-04-24 00:00:00";1092606;
"2016-04-25 00:00:00";872906;
"2016-04-26 00:00:00";969811;
"2016-04-27 00:00:00";899369;
"2016-04-28 00:00:00";871988;
"2016-04-29 00:00:00";916857;
"2016-04-30 00:00:00";944783;
"2016-05-01 00:00:00";893786;
"2016-05-02 00:00:00";873719;
"2016-05-03 00:00:00";877671;
"2016-05-04 00:00:00";863315;
"2016-05-05 00:00:00";876961;
"2016-05-06 00:00:00";919529;
"2016-05-07 00:00:00";941896;
"2016-05-08 00:00:00";944043;
"2016-05-09 00:00:00";874930;
"2016-05-10 00:00:00";847817;
"2016-05-11 00:00:00";829995;
"2016-05-12 00:00:00";862858;
"2016-05-13 00:00:00";983743;
"2016-05-14 00:00:00";1075307;
"2016-05-15 00:00:00";1056621;
"2016-05-16 00:00:00";910008;
"2016-05-17 00:00:00";986868;
"2016-05-18 00:00:00";989222;
"2016-05-19 00:00:00";988180;
"2016-05-20 00:00:00";1027366;
"2016-05-21 00:00:00";1073994;
"2016-05-22 00:00:00";1068217;
"2016-05-23 00:00:00";963981;
"2016-05-24 00:00:00";1000686;
"2016-05-25 00:00:00";949238;
"2016-05-26 00:00:00";1030731;
"2016-05-27 00:00:00";998972;
"2016-05-28 00:00:00";1016949;
"2016-05-29 00:00:00";988129;
"2016-05-30 00:00:00";962426;
"2016-05-31 00:00:00";940251;
"2016-06-01 00:00:00";921697;
"2016-06-02 00:00:00";946165;
"2016-06-03 00:00:00";971003;
"2016-06-04 00:00:00";984916;
"2016-06-05 00:00:00";994354;
"2016-06-06 00:00:00";968052;
"2016-06-07 00:00:00";945905;
"2016-06-08 00:00:00";970836;
"2016-06-09 00:00:00";968942;
"2016-06-10 00:00:00";976803;
"2016-06-11 00:00:00";982760;
"2016-06-12 00:00:00";1036733;
"2016-06-13 00:00:00";962167;
"2016-06-14 00:00:00";1008577;
"2016-06-15 00:00:00";901222;
"2016-06-16 00:00:00";884161;
"2016-06-17 00:00:00";955263;
"2016-06-18 00:00:00";950177;
"2016-06-19 00:00:00";915821;
"2016-06-20 00:00:00";889938;
"2016-06-21 00:00:00";889602;
"2016-06-22 00:00:00";875589;
"2016-06-23 00:00:00";941517;
"2016-06-24 00:00:00";934397;
"2016-06-25 00:00:00";996156;
"2016-06-26 00:00:00";1095994;
"2016-06-27 00:00:00";899151;
"2016-06-28 00:00:00";941866;
"2016-06-29 00:00:00";934635;
"2016-06-30 00:00:00";876437;
"2016-07-01 00:00:00";955332;
"2016-07-02 00:00:00";1034523;
"2016-07-03 00:00:00";1084198;
"2016-07-04 00:00:00";907396;
"2016-07-05 00:00:00";938774;
"2016-07-06 00:00:00";847444;
"2016-07-07 00:00:00";851606;
"2016-07-08 00:00:00";902646;
"2016-07-09 00:00:00";953051;
"2016-07-10 00:00:00";971591;
"2016-07-11 00:00:00";834216;
"2016-07-12 00:00:00";868018;
"2016-07-13 00:00:00";832214;
"2016-07-14 00:00:00";869082;
"2016-07-15 00:00:00";910739;
"2016-07-16 00:00:00";972512;
"2016-07-17 00:00:00";883939;
"2016-07-18 00:00:00";923904;
"2016-07-19 00:00:00";932897;
"2016-07-20 00:00:00";940417;
"2016-07-21 00:00:00";864108;
"2016-07-22 00:00:00";899179;
"2016-07-23 00:00:00";959735;
"2016-07-24 00:00:00";950579;
"2016-07-25 00:00:00";941567;
"2016-07-26 00:00:00";945911;
"2016-07-27 00:00:00";922817;
"2016-07-28 00:00:00";772739;
"2016-07-29 00:00:00";1050910;
"2016-07-30 00:00:00";1028542;
"2016-07-31 00:00:00";982324;
"2016-08-01 00:00:00";853948;
"2016-08-02 00:00:00";857039;
"2016-08-03 00:00:00";847193;
"2016-08-04 00:00:00";856402;
"2016-08-05 00:00:00";887038;
"2016-08-06 00:00:00";946299;
"2016-08-07 00:00:00";908839;
"2016-08-08 00:00:00";1007423;
"2016-08-09 00:00:00";1016288;
"2016-08-10 00:00:00";868027;
"2016-08-11 00:00:00";877254;
"2016-08-12 00:00:00";1025898;
"2016-08-13 00:00:00";1096936;
"2016-08-14 00:00:00";1117159;
"2016-08-15 00:00:00";1009525;
"2016-08-16 00:00:00";950802;
"2016-08-17 00:00:00";937666;
"2016-08-18 00:00:00";999632;
"2016-08-19 00:00:00";1117519;
"2016-08-20 00:00:00";1041687;
"2016-08-21 00:00:00";1023582;
"2016-08-22 00:00:00";1001926;
"2016-08-23 00:00:00";895178;
"2016-08-24 00:00:00";992383;
"2016-08-25 00:00:00";951103;
"2016-08-26 00:00:00";1007106;
"2016-08-27 00:00:00";1054773;
"2016-08-28 00:00:00";1069334;
"2016-08-29 00:00:00";1008354;
"2016-08-30 00:00:00";963143;
"2016-08-31 00:00:00";989275;
"2016-09-01 00:00:00";874030;
"2016-09-02 00:00:00";939022;
"2016-09-03 00:00:00";1064377;
"2016-09-04 00:00:00";1046892;
"2016-09-05 00:00:00";961806;
"2016-09-06 00:00:00";952043;
"2016-09-07 00:00:00";939048;
"2016-09-08 00:00:00";965343;
"2016-09-09 00:00:00";925155;
"2016-09-10 00:00:00";1017684;
"2016-09-11 00:00:00";1047489;
"2016-09-12 00:00:00";949933;
"2016-09-13 00:00:00";955281;
"2016-09-14 00:00:00";876337;
"2016-09-15 00:00:00";877136;
"2016-09-16 00:00:00";938429;
"2016-09-17 00:00:00";992073;
"2016-09-18 00:00:00";934347;
"2016-09-19 00:00:00";876777;
"2016-09-20 00:00:00";843493;
"2016-09-21 00:00:00";839727;
"2016-09-22 00:00:00";871261;
"2016-09-23 00:00:00";982236;
"2016-09-24 00:00:00";1048369;
"2016-09-25 00:00:00";1025262;
"2016-09-26 00:00:00";929709;
"2016-09-27 00:00:00";823318;
"2016-09-28 00:00:00";796064;
"2016-09-29 00:00:00";823204;
"2016-09-30 00:00:00";907927;
"2016-10-01 00:00:00";956207;
"2016-10-02 00:00:00";924284;
"2016-10-03 00:00:00";925861;
"2016-10-04 00:00:00";812146;
"2016-10-05 00:00:00";846864;
"2016-10-06 00:00:00";846536;
"2016-10-07 00:00:00";1005075;
"2016-10-08 00:00:00";1080120;
"2016-10-09 00:00:00";1124393;
"2016-10-10 00:00:00";1013684;
"2016-10-11 00:00:00";869275;
"2016-10-12 00:00:00";871250;
"2016-10-13 00:00:00";899020;
"2016-10-14 00:00:00";979648;
"2016-10-15 00:00:00";1073189;
"2016-10-16 00:00:00";1141191;
"2016-10-17 00:00:00";986810;
"2016-10-18 00:00:00";844890;
"2016-10-19 00:00:00";844007;
"2016-10-20 00:00:00";883446;
"2016-10-21 00:00:00";936017;
"2016-10-22 00:00:00";1082337;
"2016-10-23 00:00:00";1038782;
"2016-10-24 00:00:00";925082;
"2016-10-25 00:00:00";849224;
"2016-10-26 00:00:00";835726;
"2016-10-27 00:00:00";841845;
"2016-10-28 00:00:00";898644;
"2016-10-29 00:00:00";972484;
"2016-10-30 00:00:00";996442;
"2016-10-31 00:00:00";869077;
"2016-11-01 00:00:00";863536;
"2016-11-02 00:00:00";858232;
"2016-11-03 00:00:00";894056;
"2016-11-04 00:00:00";992486;
"2016-11-05 00:00:00";1007270;
"2016-11-06 00:00:00";989444;
"2016-11-07 00:00:00";867157;
"2016-11-08 00:00:00";838370;
"2016-11-09 00:00:00";821215;
"2016-11-10 00:00:00";826504;
"2016-11-11 00:00:00";902780;
"2016-11-12 00:00:00";994439;
"2016-11-13 00:00:00";925056;
"2016-11-14 00:00:00";837416;
"2016-11-15 00:00:00";831356;
"2016-11-16 00:00:00";830947;
"2016-11-17 00:00:00";861867;
"2016-11-18 00:00:00";914620;
"2016-11-19 00:00:00";987571;
"2016-11-20 00:00:00";936117;
"2016-11-21 00:00:00";800134;
"2016-11-22 00:00:00";840040;
"2016-11-23 00:00:00";829744;
"2016-11-24 00:00:00";837744;
"2016-11-25 00:00:00";901685;
"2016-11-26 00:00:00";978078;
"2016-11-27 00:00:00";923811;
"2016-11-28 00:00:00";821273;
"2016-11-29 00:00:00";843972;
"2016-11-30 00:00:00";818679;
"2016-12-01 00:00:00";848867;
"2016-12-02 00:00:00";934549;
"2016-12-03 00:00:00";967219;
"2016-12-04 00:00:00";955268;
"2016-12-05 00:00:00";879093;
"2016-12-06 00:00:00";837835;
"2016-12-07 00:00:00";848425;
"2016-12-08 00:00:00";862031;
"2016-12-09 00:00:00";931048;
"2016-12-10 00:00:00";1014671;
"2016-12-11 00:00:00";1007709;
"2016-12-12 00:00:00";926544;
"2016-12-13 00:00:00";837491;
"2016-12-14 00:00:00";869479;
"2016-12-15 00:00:00";853568;
"2016-12-16 00:00:00";904964;
"2016-12-17 00:00:00";969426;
"2016-12-18 00:00:00";946978;
"2016-12-19 00:00:00";842047;
"2016-12-20 00:00:00";846536;
"2016-12-21 00:00:00";836669;
"2016-12-22 00:00:00";840496;
"2016-12-23 00:00:00";882051;
"2016-12-24 00:00:00";882639;
"2016-12-25 00:00:00";872565;
"2016-12-26 00:00:00";855793;
"2016-12-27 00:00:00";854494;
"2016-12-28 00:00:00";852077;
"2016-12-29 00:00:00";849283;
"2016-12-30 00:00:00";876045;
"2016-12-31 00:00:00";777536;
"2017-01-01 00:00:00";850626;
"2017-01-02 00:00:00";886188;
"2017-01-03 00:00:00";850585;
"2017-01-04 00:00:00";851594;
"2017-01-05 00:00:00";860155;
"2017-01-06 00:00:00";891607;
"2017-01-07 00:00:00";951912;
"2017-01-08 00:00:00";900939;
"2017-01-09 00:00:00";751709;
"2017-01-10 00:00:00";792744;
"2017-01-11 00:00:00";817786;
"2017-01-12 00:00:00";804433;
"2017-01-13 00:00:00";848643;
"2017-01-14 00:00:00";924825;
"2017-01-15 00:00:00";902299;
"2017-01-16 00:00:00";807531;
"2017-01-17 00:00:00";798005;
"2017-01-18 00:00:00";787071;
"2017-01-19 00:00:00";804010;
"2017-01-20 00:00:00";823242;
"2017-01-21 00:00:00";869907;
"2017-01-22 00:00:00";865928;
"2017-01-23 00:00:00";790204;
"2017-01-24 00:00:00";780377;
"2017-01-25 00:00:00";772369;
"2017-01-26 00:00:00";777407;
"2017-01-27 00:00:00";933055;
"2017-01-28 00:00:00";1007451;
"2017-01-29 00:00:00";966828;
"2017-01-30 00:00:00";896830;
"2017-01-31 00:00:00";912614;
"2017-02-01 00:00:00";931120;
"2017-02-02 00:00:00";944817;
"2017-02-03 00:00:00";983760;
"2017-02-04 00:00:00";1040877;
"2017-02-05 00:00:00";1022731;
"2017-02-06 00:00:00";919171;
"2017-02-07 00:00:00";818519;
"2017-02-08 00:00:00";824841;
"2017-02-09 00:00:00";839432;
"2017-02-10 00:00:00";882398;
"2017-02-11 00:00:00";944609;
"2017-02-12 00:00:00";915733;
"2017-02-13 00:00:00";816284;
"2017-02-14 00:00:00";763854;
"2017-02-15 00:00:00";828207;
"2017-02-16 00:00:00";864908;
"2017-02-17 00:00:00";880635;
"2017-02-18 00:00:00";924359;
"2017-02-19 00:00:00";900158;
"2017-02-20 00:00:00";813340;
"2017-02-21 00:00:00";816915;
"2017-02-22 00:00:00";824230;
"2017-02-23 00:00:00";836361;
"2017-02-24 00:00:00";891018;
"2017-02-25 00:00:00";938859;
"2017-02-26 00:00:00";869726;
"2017-02-27 00:00:00";798602;
"2017-02-28 00:00:00";760247;
"2017-03-01 00:00:00";793551;
"2017-03-02 00:00:00";792133;
"2017-03-03 00:00:00";838369;
"2017-03-04 00:00:00";886096;
"2017-03-05 00:00:00";836762;
"2017-03-06 00:00:00";740427;
"2017-03-07 00:00:00";770591;
"2017-03-08 00:00:00";791145;
"2017-03-09 00:00:00";751210;
"2017-03-10 00:00:00";851839;
"2017-03-11 00:00:00";916995;
"2017-03-12 00:00:00";871958;
"2017-03-13 00:00:00";761569;
"2017-03-14 00:00:00";758831;
"2017-03-15 00:00:00";756315;
"2017-03-16 00:00:00";751091;
"2017-03-17 00:00:00";868543;
"2017-03-18 00:00:00";945789;
"2017-03-19 00:00:00";886398;
"2017-03-20 00:00:00";808535;
"2017-03-21 00:00:00";549146;
"2017-03-22 00:00:00";552204;
"2017-03-23 00:00:00";796385;
"2017-03-24 00:00:00";855034;
"2017-03-25 00:00:00";881402;
"2017-03-26 00:00:00";864526;
"2017-03-27 00:00:00";785429;
"2017-03-28 00:00:00";767539;
"2017-03-29 00:00:00";768780;
"2017-03-30 00:00:00";780174;
"2017-03-31 00:00:00";814617;
"2017-04-01 00:00:00";877691;
"2017-04-02 00:00:00";862265;
"2017-04-03 00:00:00";811103;
"2017-04-04 00:00:00";786278;
"2017-04-05 00:00:00";803248;
"2017-04-06 00:00:00";803526;
"2017-04-07 00:00:00";851614;
"2017-04-08 00:00:00";921318;
"2017-04-09 00:00:00";856823;
"2017-04-10 00:00:00";732923;
"2017-04-11 00:00:00";743478;
"2017-04-12 00:00:00";737123;
"2017-04-13 00:00:00";761425;
"2017-04-14 00:00:00";806490;
"2017-04-15 00:00:00";847250;
"2017-04-16 00:00:00";797696;
"2017-04-17 00:00:00";758335;
"2017-04-18 00:00:00";744324;
"2017-04-19 00:00:00";730801;
"2017-04-20 00:00:00";756855;
"2017-04-21 00:00:00";834565;
"2017-04-22 00:00:00";884941;
"2017-04-23 00:00:00";847525;
"2017-04-24 00:00:00";777807;
"2017-04-25 00:00:00";760200;
"2017-04-26 00:00:00";757343;
"2017-04-27 00:00:00";754646;
"2017-04-28 00:00:00";810855;
"2017-04-29 00:00:00";848244;
"2017-04-30 00:00:00";853022;
"2017-05-01 00:00:00";838185;
"2017-05-02 00:00:00";788655;
"2017-05-03 00:00:00";769058;
"2017-05-04 00:00:00";782872;
"2017-05-05 00:00:00";886899;
"2017-05-06 00:00:00";972876;
"2017-05-07 00:00:00";952500;
"2017-05-08 00:00:00";941005;
"2017-05-09 00:00:00";916746;
"2017-05-10 00:00:00";868699;
"2017-05-11 00:00:00";858389;
"2017-05-12 00:00:00";917185;
"2017-05-13 00:00:00";979135;
"2017-05-14 00:00:00";917636;
"2017-05-15 00:00:00";843240;
"2017-05-16 00:00:00";869592;
"2017-05-17 00:00:00";847504;
"2017-05-18 00:00:00";838472;
"2017-05-19 00:00:00";891027;
"2017-05-20 00:00:00";933878;
"2017-05-21 00:00:00";911123;
"2017-05-22 00:00:00";838678;
"2017-05-23 00:00:00";840390;
"2017-05-24 00:00:00";805905;
"2017-05-25 00:00:00";797062;
"2017-05-26 00:00:00";818968;
"2017-05-27 00:00:00";923635;
"2017-05-28 00:00:00";873294;
"2017-05-29 00:00:00";873918;
"2017-05-30 00:00:00";847800;
"2017-05-31 00:00:00";832495;
"2017-06-01 00:00:00";819490;
"2017-06-02 00:00:00";867666;
"2017-06-03 00:00:00";928430;
"2017-06-04 00:00:00";883822;
"2017-06-05 00:00:00";830751;
"2017-06-06 00:00:00";809983;
"2017-06-07 00:00:00";797249;
"2017-06-08 00:00:00";814489;
"2017-06-09 00:00:00";823567;
"2017-06-10 00:00:00";883729;
"2017-06-11 00:00:00";855823;
"2017-06-12 00:00:00";822562;
"2017-06-13 00:00:00";791495;
"2017-06-14 00:00:00";785651;
"2017-06-15 00:00:00";872641;
"2017-06-16 00:00:00";834131;
"2017-06-17 00:00:00";906754;
"2017-06-18 00:00:00";855060;
"2017-06-19 00:00:00";802120;
"2017-06-20 00:00:00";784766;
"2017-06-21 00:00:00";780268;
"2017-06-22 00:00:00";784437;
"2017-06-23 00:00:00";826125;
"2017-06-24 00:00:00";863411;
"2017-06-25 00:00:00";832429;
"2017-06-26 00:00:00";770095;
"2017-06-27 00:00:00";740686;
"2017-06-28 00:00:00";756732;
"2017-06-29 00:00:00";763219;
"2017-06-30 00:00:00";791816;
"2017-07-01 00:00:00";841974;
"2017-07-02 00:00:00";816698;
"2017-07-03 00:00:00";759540;
"2017-07-04 00:00:00";760692;
"2017-07-05 00:00:00";745407;
"2017-07-06 00:00:00";667224;
"2017-07-07 00:00:00";665592;
"2017-07-08 00:00:00";820135;
"2017-07-09 00:00:00";779676;
"2017-07-10 00:00:00";760038;
"2017-07-11 00:00:00";712701;
"2017-07-12 00:00:00";702882;
"2017-07-13 00:00:00";712311;
"2017-07-14 00:00:00";746156;
"2017-07-15 00:00:00";815283;
"2017-07-16 00:00:00";771664;
"2017-07-17 00:00:00";725785;
"2017-07-18 00:00:00";719330;
"2017-07-19 00:00:00";706971;
"2017-07-20 00:00:00";714711;
"2017-07-21 00:00:00";745225;
"2017-07-22 00:00:00";784920;
"2017-07-23 00:00:00";757880;
"2017-07-24 00:00:00";717978;
"2017-07-25 00:00:00";712943;
"2017-07-26 00:00:00";696908;
"2017-07-27 00:00:00";723427;
"2017-07-28 00:00:00";744006;
"2017-07-29 00:00:00";780246;
"2017-07-30 00:00:00";759097;
"2017-07-31 00:00:00";706517;
"2017-08-01 00:00:00";712943;
"2017-08-02 00:00:00";717029;
"2017-08-03 00:00:00";738377;
"2017-08-04 00:00:00";782808;
"2017-08-05 00:00:00";826943;
"2017-08-06 00:00:00";803444;
"2017-08-07 00:00:00";760616;
"2017-08-08 00:00:00";762209;
"2017-08-09 00:00:00";764643;
"2017-08-10 00:00:00";778124;
"2017-08-11 00:00:00";820461;
"2017-08-12 00:00:00";877952;
"2017-08-13 00:00:00";858468;
"2017-08-14 00:00:00";801058;
"2017-08-15 00:00:00";801132;
"2017-08-16 00:00:00";779914;
"2017-08-17 00:00:00";777417;
"2017-08-18 00:00:00";816788;
"2017-08-19 00:00:00";857010;
"2017-08-20 00:00:00";868759;
"2017-08-21 00:00:00";781646;
"2017-08-22 00:00:00";780991;
"2017-08-23 00:00:00";792795;
"2017-08-24 00:00:00";798270;
"2017-08-25 00:00:00";816440;
"2017-08-26 00:00:00";842919;
"2017-08-27 00:00:00";838519;
"2017-08-28 00:00:00";758740;
"2017-08-29 00:00:00";763792;
"2017-08-30 00:00:00";744960;
"2017-08-31 00:00:00";774046;
"2017-09-01 00:00:00";775954;
"2017-09-02 00:00:00";838489;
"2017-09-03 00:00:00";814693;
"2017-09-04 00:00:00";726102;
"2017-09-05 00:00:00";722703;
"2017-09-06 00:00:00";721583;
"2017-09-07 00:00:00";731744;
"2017-09-08 00:00:00";772862;
"2017-09-09 00:00:00";814062;
"2017-09-10 00:00:00";774100;
"2017-09-11 00:00:00";696354;
"2017-09-12 00:00:00";697777;
"2017-09-13 00:00:00";684224;
"2017-09-14 00:00:00";693773;
"2017-09-15 00:00:00";766687;
"2017-09-16 00:00:00";783228;
"2017-09-17 00:00:00";748347;
"2017-09-18 00:00:00";657887;
"2017-09-19 00:00:00";656007;
"2017-09-20 00:00:00";684958;
"2017-09-21 00:00:00";733406;
"2017-09-22 00:00:00";726513;
"2017-09-23 00:00:00";767921;
"2017-09-24 00:00:00";742660;
"2017-09-25 00:00:00";645377;
"2017-09-26 00:00:00";640552;
"2017-09-27 00:00:00";644287;
"2017-09-28 00:00:00";658696;
"2017-09-29 00:00:00";705559;
"2017-09-30 00:00:00";754453;
"2017-10-01 00:00:00";717184;
"2017-10-02 00:00:00";669792;
"2017-10-03 00:00:00";663316;
"2017-10-04 00:00:00";638188;
"2017-10-05 00:00:00";652620;
"2017-10-06 00:00:00";694296;
"2017-10-07 00:00:00";742165;
"2017-10-08 00:00:00";716458;
"2017-10-09 00:00:00";639707;
"2017-10-10 00:00:00";625464;
"2017-10-11 00:00:00";622666;
"2017-10-12 00:00:00";816110;
"2017-10-13 00:00:00";778608;
"2017-10-14 00:00:00";751216;
"2017-10-15 00:00:00";729715;
"2017-10-16 00:00:00";629981;
"2017-10-17 00:00:00";630984;
"2017-10-18 00:00:00";612579;
"2017-10-19 00:00:00";619587;
"2017-10-20 00:00:00";837599;
"2017-10-21 00:00:00";744024;
"2017-10-22 00:00:00";709881;
"2017-10-23 00:00:00";629061;
"2017-10-24 00:00:00";632817;
"2017-10-25 00:00:00";620282;
"2017-10-26 00:00:00";635460;
"2017-10-27 00:00:00";665748;
"2017-10-28 00:00:00";741867;
"2017-10-29 00:00:00";738394;
"2017-10-30 00:00:00";720932;
"2017-10-31 00:00:00";693089;
"2017-11-01 00:00:00";788741;
"2017-11-02 00:00:00";760272;
"2017-11-03 00:00:00";764641;
"2017-11-04 00:00:00";807834;
"2017-11-05 00:00:00";779509;
"2017-11-06 00:00:00";741044;
"2017-11-07 00:00:00";679878;
"2017-11-08 00:00:00";649690;
"2017-11-09 00:00:00";677750;
"2017-11-10 00:00:00";727364;
"2017-11-11 00:00:00";786940;
"2017-11-12 00:00:00";758069;
"2017-11-13 00:00:00";690572;
"2017-11-14 00:00:00";634089;
"2017-11-15 00:00:00";619877;
"2017-11-16 00:00:00";640608;
"2017-11-17 00:00:00";719090;
"2017-11-18 00:00:00";752560;
"2017-11-19 00:00:00";725103;
"2017-11-20 00:00:00";659041;
"2017-11-21 00:00:00";661700;
"2017-11-22 00:00:00";612966;
"2017-11-23 00:00:00";710240;
"2017-11-24 00:00:00";747663;
"2017-11-25 00:00:00";864584;
"2017-11-26 00:00:00";813528;
"2017-11-27 00:00:00";673581;
"2017-11-28 00:00:00";690391;
"2017-11-29 00:00:00";666134;
"2017-11-30 00:00:00";683324;
"2017-12-01 00:00:00";699223;
"2017-12-02 00:00:00";802526;
"2017-12-03 00:00:00";773657;
"2017-12-04 00:00:00";707020;
"2017-12-05 00:00:00";719675;
"2017-12-06 00:00:00";646820;
"2017-12-07 00:00:00";646457;
"2017-12-08 00:00:00";700175;
"2017-12-09 00:00:00";790683;
"2017-12-10 00:00:00";723585;
"2017-12-11 00:00:00";648467;
"2017-12-12 00:00:00";658943;
"2017-12-13 00:00:00";618393;
"2017-12-14 00:00:00";621950;
"2017-12-15 00:00:00";796810;
"2017-12-16 00:00:00";864939;
"2017-12-17 00:00:00";852159;
"2017-12-18 00:00:00";796896;
"2017-12-19 00:00:00";802183;
"2017-12-20 00:00:00";676223;
"2017-12-21 00:00:00";670751;
"2017-12-22 00:00:00";685073;
"2017-12-23 00:00:00";730239;
"2017-12-24 00:00:00";714067;
"2017-12-25 00:00:00";725389;
"2017-12-26 00:00:00";804158;
"2017-12-27 00:00:00";829471;
"2017-12-28 00:00:00";701863;
"2017-12-29 00:00:00";704433;
"2017-12-30 00:00:00";730266;
"2017-12-31 00:00:00";648744;
"2018-01-01 00:00:00";679635;
"2018-01-02 00:00:00";707766;
"2018-01-03 00:00:00";697706;
"2018-01-04 00:00:00";706176;
"2018-01-05 00:00:00";734940;
"2018-01-06 00:00:00";780059;
"2018-01-07 00:00:00";775539;
"2018-01-08 00:00:00";765307;
"2018-01-09 00:00:00";759245;
"2018-01-10 00:00:00";608220;
"2018-01-11 00:00:00";641474;
"2018-01-12 00:00:00";671365;
"2018-01-13 00:00:00";739483;
"2018-01-14 00:00:00";738549;
"2018-01-15 00:00:00";682159;
"2018-01-16 00:00:00";716260;
"2018-01-17 00:00:00";587276;
"2018-01-18 00:00:00";616503;
"2018-01-19 00:00:00";661394;
"2018-01-20 00:00:00";739866;
"2018-01-21 00:00:00";724554;
"2018-01-22 00:00:00";671956;
"2018-01-23 00:00:00";670405;
"2018-01-24 00:00:00";616414;
"2018-01-25 00:00:00";650583;
"2018-01-26 00:00:00";686006;
"2018-01-27 00:00:00";764256;
"2018-01-28 00:00:00";715618;
"2018-01-29 00:00:00";649703;
"2018-01-30 00:00:00";634039;
"2018-01-31 00:00:00";635923;
"2018-02-01 00:00:00";632093;
"2018-02-02 00:00:00";702049;
"2018-02-03 00:00:00";782579;
"2018-02-04 00:00:00";723465;
"2018-02-05 00:00:00";643777;
"2018-02-06 00:00:00";653302;
"2018-02-07 00:00:00";610232;
"2018-02-08 00:00:00";612055;
"2018-02-09 00:00:00";645320;
"2018-02-10 00:00:00";686371;
"2018-02-11 00:00:00";677416;
"2018-02-12 00:00:00";604460;
"2018-02-13 00:00:00";594668;
"2018-02-14 00:00:00";556587;
"2018-02-15 00:00:00";596452;
"2018-02-16 00:00:00";604853;
"2018-02-17 00:00:00";640124;
"2018-02-18 00:00:00";636921;
"2018-02-19 00:00:00";572608;
"2018-02-20 00:00:00";577711;
"2018-02-21 00:00:00";575739;
"2018-02-22 00:00:00";599689;
"2018-02-23 00:00:00";630666;
"2018-02-24 00:00:00";684577;
"2018-02-25 00:00:00";664000;
"2018-02-26 00:00:00";600983;
"2018-02-27 00:00:00";604004;
"2018-02-28 00:00:00";589949;
"2018-03-01 00:00:00";601283;
"2018-03-02 00:00:00";647604;
"2018-03-03 00:00:00";780113;
"2018-03-04 00:00:00";675024;
"2018-03-05 00:00:00";581450;
"2018-03-06 00:00:00";597098;
"2018-03-07 00:00:00";601473;
"2018-03-08 00:00:00";618572;
"2018-03-09 00:00:00";664760;
"2018-03-10 00:00:00";703841;
"2018-03-11 00:00:00";658069;
"2018-03-12 00:00:00";573511;
"2018-03-13 00:00:00";626122;
"2018-03-14 00:00:00";608757;
"2018-03-15 00:00:00";609285;
"2018-03-16 00:00:00";673603;
"2018-03-17 00:00:00";766493;
"2018-03-18 00:00:00";730821;
"2018-03-19 00:00:00";624649;
"2018-03-20 00:00:00";588361;
"2018-03-21 00:00:00";610111;
"2018-03-22 00:00:00";605007;
"2018-03-23 00:00:00";652831;
"2018-03-24 00:00:00";730665;
"2018-03-25 00:00:00";714845;
"2018-03-26 00:00:00";620067;
"2018-03-27 00:00:00";617144;
"2018-03-28 00:00:00";623540;
"2018-03-29 00:00:00";653680;
"2018-03-30 00:00:00";667909;
"2018-03-31 00:00:00";716912;
"2018-04-01 00:00:00";683745;
"2018-04-02 00:00:00";631933;
"2018-04-03 00:00:00";614594;
"2018-04-04 00:00:00";650948;
"2018-04-05 00:00:00";646034;
"2018-04-06 00:00:00";682642;
"2018-04-07 00:00:00";733580;
"2018-04-08 00:00:00";700501;
"2018-04-09 00:00:00";643437;
"2018-04-10 00:00:00";633481;
"2018-04-11 00:00:00";616710;
"2018-04-12 00:00:00";629749;
"2018-04-13 00:00:00";658821;
"2018-04-14 00:00:00";719957;
"2018-04-15 00:00:00";684185;
"2018-04-16 00:00:00";624873;
"2018-04-17 00:00:00";626549;
"2018-04-18 00:00:00";616732;
"2018-04-19 00:00:00";621653;
"2018-04-20 00:00:00";658317;
"2018-04-21 00:00:00";721058;
"2018-04-22 00:00:00";699732;
"2018-04-23 00:00:00";626308;
"2018-04-24 00:00:00";625567;
"2018-04-25 00:00:00";608569;
"2018-04-26 00:00:00";614264;
"2018-04-27 00:00:00";638021;
"2018-04-28 00:00:00";671635;
"2018-04-29 00:00:00";665584;
"2018-04-30 00:00:00";672306;
"2018-05-01 00:00:00";673089;
"2018-05-02 00:00:00";641728;
"2018-05-03 00:00:00";632178;
"2018-05-04 00:00:00";684080;
"2018-05-05 00:00:00";722102;
"2018-05-06 00:00:00";714768;
"2018-05-07 00:00:00";656976;
"2018-05-08 00:00:00";681052;
"2018-05-09 00:00:00";766124;
"2018-05-10 00:00:00";763122;
"2018-05-11 00:00:00";787753;
"2018-05-12 00:00:00";850371;
"2018-05-13 00:00:00";831583;
"2018-05-14 00:00:00";732975;
"2018-05-15 00:00:00";731898;
"2018-05-16 00:00:00";733331;
"2018-05-17 00:00:00";739475;
"2018-05-18 00:00:00";741090;
"2018-05-19 00:00:00";826910;
"2018-05-20 00:00:00";788473;
"2018-05-21 00:00:00";735506;
"2018-05-22 00:00:00";718829;
"2018-05-23 00:00:00";712164;
"2018-05-24 00:00:00";708239;
"2018-05-25 00:00:00";728096;
"2018-05-26 00:00:00";793048;
"2018-05-27 00:00:00";769700;
"2018-05-28 00:00:00";740924;
"2018-05-29 00:00:00";719200;
"2018-05-30 00:00:00";706263;
"2018-05-31 00:00:00";716262;
"2018-06-01 00:00:00";738643;
"2018-06-02 00:00:00";783354;
"2018-06-03 00:00:00";765986;
"2018-06-04 00:00:00";693319;
"2018-06-05 00:00:00";696025;
"2018-06-06 00:00:00";675772;
"2018-06-07 00:00:00";732203;
"2018-06-08 00:00:00";785040;
"2018-06-09 00:00:00";775795;
"2018-06-10 00:00:00";797767;
"2018-06-11 00:00:00";753523;
"2018-06-12 00:00:00";750215;
"2018-06-13 00:00:00";695581;
"2018-06-14 00:00:00";690667;
"2018-06-15 00:00:00";796694;
"2018-06-16 00:00:00";713520;
"2018-06-17 00:00:00";738369;
"2018-06-18 00:00:00";674839;
"2018-06-19 00:00:00";658109;
"2018-06-20 00:00:00";653552;
"2018-06-21 00:00:00";656156;
"2018-06-22 00:00:00";684259;
"2018-06-23 00:00:00";737928;
"2018-06-24 00:00:00";720726;
"2018-06-25 00:00:00";645894;
"2018-06-26 00:00:00";644721;
"2018-06-27 00:00:00";646900;
"2018-06-28 00:00:00";675706;
"2018-06-29 00:00:00";700899;
"2018-06-30 00:00:00";698215;
"2018-07-01 00:00:00";706227;
"2018-07-02 00:00:00";641938;
"2018-07-03 00:00:00";645397;
"2018-07-04 00:00:00";652133;
"2018-07-05 00:00:00";649650;
"2018-07-06 00:00:00";641501;
"2018-07-07 00:00:00";689835;
"2018-07-08 00:00:00";704947;
"2018-07-09 00:00:00";641629;
"2018-07-10 00:00:00";642048;
"2018-07-11 00:00:00";640753;
"2018-07-12 00:00:00";629668;
"2018-07-13 00:00:00";653417;
"2018-07-14 00:00:00";664150;
"2018-07-15 00:00:00";669554;
"2018-07-16 00:00:00";630702;
"2018-07-17 00:00:00";638207;
"2018-07-18 00:00:00";641427;
"2018-07-19 00:00:00";633501;
"2018-07-20 00:00:00";661950;
"2018-07-21 00:00:00";706228;
"2018-07-22 00:00:00";691282;
"2018-07-23 00:00:00";638826;
"2018-07-24 00:00:00";640014;
"2018-07-25 00:00:00";631484;
"2018-07-26 00:00:00";634774;
"2018-07-27 00:00:00";659829;
"2018-07-28 00:00:00";703913;
"2018-07-29 00:00:00";694674;
"2018-07-30 00:00:00";650729;
"2018-07-31 00:00:00";642747;
"2018-08-01 00:00:00";658922;
"2018-08-02 00:00:00";651499;
"2018-08-03 00:00:00";694766;
"2018-08-04 00:00:00";720867;
"2018-08-05 00:00:00";708076;
"2018-08-06 00:00:00";664267;
"2018-08-07 00:00:00";662379;
"2018-08-08 00:00:00";651816;
"2018-08-09 00:00:00";649636;
"2018-08-10 00:00:00";644892;
"2018-08-11 00:00:00";672937;
"2018-08-12 00:00:00";689527;
"2018-08-13 00:00:00";633591;
"2018-08-14 00:00:00";633665;
"2018-08-15 00:00:00";638170;
"2018-08-16 00:00:00";649906;
"2018-08-17 00:00:00";674974;
"2018-08-18 00:00:00";749803;
"2018-08-19 00:00:00";772173;
"2018-08-20 00:00:00";721568;
"2018-08-21 00:00:00";731151;
"2018-08-22 00:00:00";718306;
"2018-08-23 00:00:00";714113;
"2018-08-24 00:00:00";746687;
"2018-08-25 00:00:00";830388;
"2018-08-26 00:00:00";799926;
"2018-08-27 00:00:00";735872;
"2018-08-28 00:00:00";730268;
"2018-08-29 00:00:00";718474;
"2018-08-30 00:00:00";709167;
"2018-08-31 00:00:00";740862;
"2018-09-01 00:00:00";779625;
"2018-09-02 00:00:00";763150;
"2018-09-03 00:00:00";678076;
"2018-09-04 00:00:00";680541;
"2018-09-05 00:00:00";653217;
"2018-09-06 00:00:00";654170;
"2018-09-07 00:00:00";706645;
"2018-09-08 00:00:00";720464;
"2018-09-09 00:00:00";750234;
"2018-09-10 00:00:00";678176;
"2018-09-11 00:00:00";680447;
"2018-09-12 00:00:00";672478;
"2018-09-13 00:00:00";718562;
"2018-09-14 00:00:00";745817;
"2018-09-15 00:00:00";817924;
"2018-09-16 00:00:00";827979;
"2018-09-17 00:00:00";743726;
"2018-09-18 00:00:00";647823;
"2018-09-19 00:00:00";650922;
"2018-09-20 00:00:00";657436;
"2018-09-21 00:00:00";707083;
"2018-09-22 00:00:00";742887;
"2018-09-23 00:00:00";748795;
"2018-09-24 00:00:00";663971;
"2018-09-25 00:00:00";640752;
"2018-09-26 00:00:00";632116;
"2018-09-27 00:00:00";645311;
"2018-09-28 00:00:00";663510;
"2018-09-29 00:00:00";724490;
"2018-09-30 00:00:00";726283;
"2018-10-01 00:00:00";648336;
"2018-10-02 00:00:00";637213;
"2018-10-03 00:00:00";634373;
"2018-10-04 00:00:00";638210;
"2018-10-05 00:00:00";670632;
"2018-10-06 00:00:00";729328;
"2018-10-07 00:00:00";692554;
"2018-10-08 00:00:00";631576;
"2018-10-09 00:00:00";631062;
"2018-10-10 00:00:00";623080;
"2018-10-11 00:00:00";628114;
"2018-10-12 00:00:00";685063;
"2018-10-13 00:00:00";742992;
"2018-10-14 00:00:00";707837;
"2018-10-15 00:00:00";635567;
"2018-10-16 00:00:00";624736;
"2018-10-17 00:00:00";626512;
"2018-10-18 00:00:00";620751;
"2018-10-19 00:00:00";671770;
"2018-10-20 00:00:00";737697;
"2018-10-21 00:00:00";724945;
"2018-10-22 00:00:00";631863;
"2018-10-23 00:00:00";620438;
"2018-10-24 00:00:00";618063;
"2018-10-25 00:00:00";629209;
"2018-10-26 00:00:00";674941;
"2018-10-27 00:00:00";733166;
"2018-10-28 00:00:00";713633;
"2018-10-29 00:00:00";636624;
"2018-10-30 00:00:00";640316;
"2018-10-31 00:00:00";633942;
"2018-11-01 00:00:00";636725;
"2018-11-02 00:00:00";684285;
"2018-11-03 00:00:00";733020;
"2018-11-04 00:00:00";712997;
"2018-11-05 00:00:00";660415;
"2018-11-06 00:00:00";631000;
"2018-11-07 00:00:00";630242;
"2018-11-08 00:00:00";638852;
"2018-11-09 00:00:00";751285;
"2018-11-10 00:00:00";829011;
"2018-11-11 00:00:00";765136;
"2018-11-12 00:00:00";666748;
"2018-11-13 00:00:00";658543;
"2018-11-14 00:00:00";633295;
"2018-11-15 00:00:00";626075;
"2018-11-16 00:00:00";675501;
"2018-11-17 00:00:00";735248;
"2018-11-18 00:00:00";731799;
"2018-11-19 00:00:00";643363;
"2018-11-20 00:00:00";774815;
"2018-11-21 00:00:00";712973;
"2018-11-22 00:00:00";753533;
"2018-11-23 00:00:00";701608;
"2018-11-24 00:00:00";800975;
"2018-11-25 00:00:00";765644;
"2018-11-26 00:00:00";684496;
"2018-11-27 00:00:00";653681;
"2018-11-28 00:00:00";643599;
"2018-11-29 00:00:00";648271;
"2018-11-30 00:00:00";690311;
"2018-12-01 00:00:00";768159;
"2018-12-02 00:00:00";745843;
"2018-12-03 00:00:00";641604;
"2018-12-04 00:00:00";644531;
"2018-12-05 00:00:00";626152;
"2018-12-06 00:00:00";628314;
"2018-12-07 00:00:00";667332;
"2018-12-08 00:00:00";715125;
"2018-12-09 00:00:00";689371;
"2018-12-10 00:00:00";600095;
"2018-12-11 00:00:00";593574;
"2018-12-12 00:00:00";587364;
"2018-12-13 00:00:00";587805;
"2018-12-14 00:00:00";639379;
"2018-12-15 00:00:00";700240;
"2018-12-16 00:00:00";675118;
"2018-12-17 00:00:00";602344;
"2018-12-18 00:00:00";594422;
"2018-12-19 00:00:00";587112;
"2018-12-20 00:00:00";705143;
"2018-12-21 00:00:00";686395;
"2018-12-22 00:00:00";732928;
"2018-12-23 00:00:00";730859;
"2018-12-24 00:00:00";633898;
"2018-12-25 00:00:00";637127;
"2018-12-26 00:00:00";641391;
"2018-12-27 00:00:00";638887;
"2018-12-28 00:00:00";640227;
"2018-12-29 00:00:00";676970;
"2018-12-30 00:00:00";685819;
"2018-12-31 00:00:00";584785;
"2019-01-01 00:00:00";630381;
"2019-01-02 00:00:00";653543;
"2019-01-03 00:00:00";645297;
"2019-01-04 00:00:00";679515;
"2019-01-05 00:00:00";731384;
"2019-01-06 00:00:00";698277;
"2019-01-07 00:00:00";669920;
"2019-01-08 00:00:00";654147;
"2019-01-09 00:00:00";631040;
"2019-01-10 00:00:00";633023;
"2019-01-11 00:00:00";695608;
"2019-01-12 00:00:00";779866;
"2019-01-13 00:00:00";762186;
"2019-01-14 00:00:00";714087;
"2019-01-15 00:00:00";677102;
"2019-01-16 00:00:00";675936;
"2019-01-17 00:00:00";688226;
"2019-01-18 00:00:00";726421;
"2019-01-19 00:00:00";804664;
"2019-01-20 00:00:00";796605;
"2019-01-21 00:00:00";724212;
"2019-01-22 00:00:00";730332;
"2019-01-23 00:00:00";735642;
"2019-01-24 00:00:00";735486;
"2019-01-25 00:00:00";734448;
"2019-01-26 00:00:00";840712;
"2019-01-27 00:00:00";839729;
"2019-01-28 00:00:00";766446;
"2019-01-29 00:00:00";762357;
"2019-01-30 00:00:00";881256;
"2019-01-31 00:00:00";829519;
"2019-02-01 00:00:00";830562;
"2019-02-02 00:00:00";905794;
"2019-02-03 00:00:00";913496;
"2019-02-04 00:00:00";810070;
"2019-02-05 00:00:00";809825;
"2019-02-06 00:00:00";796298;
"2019-02-07 00:00:00";807572;
"2019-02-08 00:00:00";836728;
"2019-02-09 00:00:00";911025;
"2019-02-10 00:00:00";930430;
"2019-02-11 00:00:00";859462;
"2019-02-12 00:00:00";853919;
"2019-02-13 00:00:00";851888;
"2019-02-14 00:00:00";797211;
"2019-02-15 00:00:00";880281;
"2019-02-16 00:00:00";949294;
"2019-02-17 00:00:00";956229;
"2019-02-18 00:00:00";867809;
"2019-02-19 00:00:00";862613;
"2019-02-20 00:00:00";846470;
"2019-02-21 00:00:00";854303;
"2019-02-22 00:00:00";882742;
"2019-02-23 00:00:00";969099;
"2019-02-24 00:00:00";983435;
"2019-02-25 00:00:00";907124;
"2019-02-26 00:00:00";917479;
"2019-02-27 00:00:00";873952;
"2019-02-28 00:00:00";812740;
"2019-03-01 00:00:00";895799;
"2019-03-02 00:00:00";1000447;
"2019-03-03 00:00:00";1007840;
"2019-03-04 00:00:00";926692;
"2019-03-05 00:00:00";894932;
"2019-03-06 00:00:00";967011;
"2019-03-07 00:00:00";939457;
"2019-03-08 00:00:00";969484;
"2019-03-09 00:00:00";1045353;
"2019-03-10 00:00:00";1028866;
"2019-03-11 00:00:00";942503;
"2019-03-12 00:00:00";923610;
"2019-03-13 00:00:00";923760;
"2019-03-14 00:00:00";901416;
"2019-03-15 00:00:00";945718;
"2019-03-16 00:00:00";1025678;
"2019-03-17 00:00:00";1004180;
"2019-03-18 00:00:00";913647;
"2019-03-19 00:00:00";916534;
"2019-03-20 00:00:00";912918;
"2019-03-21 00:00:00";920142;
"2019-03-22 00:00:00";934521;
"2019-03-23 00:00:00";1014569;
"2019-03-24 00:00:00";1009405;
"2019-03-25 00:00:00";936503;
"2019-03-26 00:00:00";921362;
"2019-03-27 00:00:00";921260;
"2019-03-28 00:00:00";896612;
"2019-03-29 00:00:00";915183;
"2019-03-30 00:00:00";1008098;
"2019-03-31 00:00:00";1001512;
"2019-04-01 00:00:00";917982;
"2019-04-02 00:00:00";889058;
"2019-04-03 00:00:00";921478;
"2019-04-04 00:00:00";914394;
"2019-04-05 00:00:00";913854;
"2019-04-06 00:00:00";939918;
"2019-04-07 00:00:00";909135;
"2019-04-08 00:00:00";887825;
"2019-04-09 00:00:00";881145;
"2019-04-10 00:00:00";872107;
"2019-04-11 00:00:00";882437;
"2019-04-12 00:00:00";923065;
"2019-04-13 00:00:00";970128;
"2019-04-14 00:00:00";973544;
"2019-04-15 00:00:00";870901;
"2019-04-16 00:00:00";855360;
"2019-04-17 00:00:00";819524;
"2019-04-18 00:00:00";807477;
"2019-04-19 00:00:00";872612;
"2019-04-20 00:00:00";888837;
"2019-04-21 00:00:00";887397;
"2019-04-22 00:00:00";826748;
"2019-04-23 00:00:00";811503;
"2019-04-24 00:00:00";770558;
"2019-04-25 00:00:00";775576;
"2019-04-26 00:00:00";814209;
"2019-04-27 00:00:00";855899;
"2019-04-28 00:00:00";847379;
"2019-04-29 00:00:00";788959;
"2019-04-30 00:00:00";804627;
"2019-05-01 00:00:00";862674;
"2019-05-02 00:00:00";830932;
"2019-05-03 00:00:00";856221;
"2019-05-04 00:00:00";865134;
"2019-05-05 00:00:00";873126;
"2019-05-06 00:00:00";813985;
"2019-05-07 00:00:00";807138;
"2019-05-08 00:00:00";955703;
"2019-05-09 00:00:00";939011;
"2019-05-10 00:00:00";936283;
"2019-05-11 00:00:00";980303;
"2019-05-12 00:00:00";998345;
"2019-05-13 00:00:00";895150;
"2019-05-14 00:00:00";911511;
"2019-05-15 00:00:00";892241;
"2019-05-16 00:00:00";874040;
"2019-05-17 00:00:00";893273;
"2019-05-18 00:00:00";937824;
"2019-05-19 00:00:00";945542;
"2019-05-20 00:00:00";830790;
"2019-05-21 00:00:00";847257;
"2019-05-22 00:00:00";841685;
"2019-05-23 00:00:00";803108;
"2019-05-24 00:00:00";836468;
"2019-05-25 00:00:00";967668;
"2019-05-26 00:00:00";968356;
"2019-05-27 00:00:00";885373;
"2019-05-28 00:00:00";835459;
"2019-05-29 00:00:00";843244;
"2019-05-30 00:00:00";849432;
"2019-05-31 00:00:00";838052;
"2019-06-01 00:00:00";907341;
"2019-06-02 00:00:00";892370;
"2019-06-03 00:00:00";847614;
"2019-06-04 00:00:00";844176;
"2019-06-05 00:00:00";827650;
"2019-06-06 00:00:00";849344;
"2019-06-07 00:00:00";840206;
"2019-06-08 00:00:00";834862;
"2019-06-09 00:00:00";787469;
"2019-06-10 00:00:00";709731;
"2019-06-11 00:00:00";835854;
"2019-06-12 00:00:00";832380;
"2019-06-13 00:00:00";809154;
"2019-06-14 00:00:00";816393;
"2019-06-15 00:00:00";866759;
"2019-06-16 00:00:00";866252;
"2019-06-17 00:00:00";803370;
"2019-06-18 00:00:00";773032;
"2019-06-19 00:00:00";765997;
"2019-06-20 00:00:00";774571;
"2019-06-21 00:00:00";752859;
"2019-06-22 00:00:00";760403;
"2019-06-23 00:00:00";771918;
"2019-06-24 00:00:00";696686;
"2019-06-25 00:00:00";707293;
"2019-06-26 00:00:00";714491;
"2019-06-27 00:00:00";748680;
"2019-06-28 00:00:00";757165;
"2019-06-29 00:00:00";798466;
"2019-06-30 00:00:00";755943;
"2019-07-01 00:00:00";751474;
"2019-07-02 00:00:00";748632;
"2019-07-03 00:00:00";747757;
"2019-07-04 00:00:00";729977;
"2019-07-05 00:00:00";753374;
"2019-07-06 00:00:00";779160;
"2019-07-07 00:00:00";750923;
"2019-07-08 00:00:00";733788;
"2019-07-09 00:00:00";707225;
"2019-07-10 00:00:00";703064;
"2019-07-11 00:00:00";700220;
"2019-07-12 00:00:00";723041;
"2019-07-13 00:00:00";745220;
"2019-07-14 00:00:00";767388;
"2019-07-15 00:00:00";709997;
"2019-07-16 00:00:00";690139;
"2019-07-17 00:00:00";686515;
"2019-07-18 00:00:00";677062;
"2019-07-19 00:00:00";698987;
"2019-07-20 00:00:00";746836;
"2019-07-21 00:00:00";740944;
"2019-07-22 00:00:00";687531;
"2019-07-23 00:00:00";686999;
"2019-07-24 00:00:00";678214;
"2019-07-25 00:00:00";681844;
"2019-07-26 00:00:00";692519;
"2019-07-27 00:00:00";722440;
"2019-07-28 00:00:00";720737;
"2019-07-29 00:00:00";674239;
"2019-07-30 00:00:00";675325;
"2019-07-31 00:00:00";673101;
"2019-08-01 00:00:00";668369;
"2019-08-02 00:00:00";695066;
"2019-08-03 00:00:00";730554;
"2019-08-04 00:00:00";721289;
"2019-08-05 00:00:00";659341;
"2019-08-06 00:00:00";692015;
"2019-08-07 00:00:00";673524;
"2019-08-08 00:00:00";672835;
"2019-08-09 00:00:00";711958;
"2019-08-10 00:00:00";743291;
"2019-08-11 00:00:00";737686;
"2019-08-12 00:00:00";686445;
"2019-08-13 00:00:00";716444;
"2019-08-14 00:00:00";758695;
"2019-08-15 00:00:00";671710;
"2019-08-16 00:00:00";718777;
"2019-08-17 00:00:00";761206;
"2019-08-18 00:00:00";774365;
"2019-08-19 00:00:00";704515;
"2019-08-20 00:00:00";707343;
"2019-08-21 00:00:00";700296;
"2019-08-22 00:00:00";682715;
"2019-08-23 00:00:00";723649;
"2019-08-24 00:00:00";822216;
"2019-08-25 00:00:00";840012;
"2019-08-26 00:00:00";759675;
"2019-08-27 00:00:00";728257;
"2019-08-28 00:00:00";687372;
"2019-08-29 00:00:00";696369;
"2019-08-30 00:00:00";722999;
"2019-08-31 00:00:00";751129;
"2019-09-01 00:00:00";749512;
"2019-09-02 00:00:00";664756;
"2019-09-03 00:00:00";654526;
"2019-09-04 00:00:00";642573;
"2019-09-05 00:00:00";642617;
"2019-09-06 00:00:00";684504;
"2019-09-07 00:00:00";729968;
"2019-09-08 00:00:00";711699;
"2019-09-09 00:00:00";638743;
"2019-09-10 00:00:00";612426;
"2019-09-11 00:00:00";608705;
"2019-09-12 00:00:00";644152;
"2019-09-13 00:00:00";649493;
"2019-09-14 00:00:00";688181;
"2019-09-15 00:00:00";686719;
"2019-09-16 00:00:00";611389;
"2019-09-17 00:00:00";616392;
"2019-09-18 00:00:00";609457;
"2019-09-19 00:00:00";606851;
"2019-09-20 00:00:00";697980;
"2019-09-21 00:00:00";758001;
"2019-09-22 00:00:00";732501;
"2019-09-23 00:00:00";648286;
"2019-09-24 00:00:00";638965;
"2019-09-25 00:00:00";619776;
"2019-09-26 00:00:00";626254;
"2019-09-27 00:00:00";655615;
"2019-09-28 00:00:00";690197;
"2019-09-29 00:00:00";696125;
"2019-09-30 00:00:00";626289;
"2019-10-01 00:00:00";607845;
"2019-10-02 00:00:00";589005;
"2019-10-03 00:00:00";589745;
"2019-10-04 00:00:00";606791;
"2019-10-05 00:00:00";654954;
"2019-10-06 00:00:00";661124;
"2019-10-07 00:00:00";574148;
"2019-10-08 00:00:00";571743;
"2019-10-09 00:00:00";568742;
"2019-10-10 00:00:00";559679;
"2019-10-11 00:00:00";615014;
"2019-10-12 00:00:00";750516;
"2019-10-13 00:00:00";729784;
"2019-10-14 00:00:00";602774;
"2019-10-15 00:00:00";552521;
"2019-10-16 00:00:00";605319;
"2019-10-17 00:00:00";600035;
"2019-10-18 00:00:00";593215;
"2019-10-19 00:00:00";644373;
"2019-10-20 00:00:00";632734;
"2019-10-21 00:00:00";555902;
"2019-10-22 00:00:00";548863;
"2019-10-23 00:00:00";540960;
"2019-10-24 00:00:00";541011;
"2019-10-25 00:00:00";566892;
"2019-10-26 00:00:00";616129;
"2019-10-27 00:00:00";607639;
"2019-10-28 00:00:00";630207;
"2019-10-29 00:00:00";535222;
"2019-10-30 00:00:00";530719;
"2019-10-31 00:00:00";529156;
"2019-11-01 00:00:00";568804;
"2019-11-02 00:00:00";604088;
"2019-11-03 00:00:00";600932;
"2019-11-04 00:00:00";640917;
"2019-11-05 00:00:00";597367;
"2019-11-06 00:00:00";512158;
"2019-11-07 00:00:00";516026;
"2019-11-08 00:00:00";637950;
"2019-11-09 00:00:00";710308;
"2019-11-10 00:00:00";591349;
"2019-11-11 00:00:00";601123;
"2019-11-12 00:00:00";598948;
"2019-11-13 00:00:00";502578;
"2019-11-14 00:00:00";501642;
"2019-11-15 00:00:00";550172;
"2019-11-16 00:00:00";605635;
"2019-11-17 00:00:00";611201;
"2019-11-18 00:00:00";594524;
"2019-11-19 00:00:00";505430;
"2019-11-20 00:00:00";497966;
"2019-11-21 00:00:00";537172;
"2019-11-22 00:00:00";552975;
"2019-11-23 00:00:00";693717;
"2019-11-24 00:00:00";672534;
"2019-11-25 00:00:00";578156;
"2019-11-26 00:00:00";518377;
"2019-11-27 00:00:00";650057;
"2019-11-28 00:00:00";606721;
"2019-11-29 00:00:00";669389;
"2019-11-30 00:00:00";704614;
"2019-12-01 00:00:00";686010;
"2019-12-02 00:00:00";614099;
"2019-12-03 00:00:00";596517;
"2019-12-04 00:00:00";532745;
"2019-12-05 00:00:00";542145;
"2019-12-06 00:00:00";617927;
"2019-12-07 00:00:00";629748;
"2019-12-08 00:00:00";604458;
"2019-12-09 00:00:00";516504;
"2019-12-10 00:00:00";510007;
"2019-12-11 00:00:00";584869;
"2019-12-12 00:00:00";504240;
"2019-12-13 00:00:00";541291;
"2019-12-14 00:00:00";593768;
"2019-12-15 00:00:00";583137;
"2019-12-16 00:00:00";508364;
"2019-12-17 00:00:00";492861;
"2019-12-18 00:00:00";515352;
"2019-12-19 00:00:00";555935;
"2019-12-20 00:00:00";558680;
"2019-12-21 00:00:00";612767;
"2019-12-22 00:00:00";606814;
"2019-12-23 00:00:00";563483;
"2019-12-24 00:00:00";544935;
"2019-12-25 00:00:00";550911;
"2019-12-26 00:00:00";557086;
"2019-12-27 00:00:00";579782;
"2019-12-28 00:00:00";617077;
"2019-12-29 00:00:00";608934;
"2019-12-30 00:00:00";570959;
"2019-12-31 00:00:00";516059;
"2020-01-01 00:00:00";561273;
"2020-01-02 00:00:00";585031;
"2020-01-03 00:00:00";596149;
"2020-01-04 00:00:00";617547;
"2020-01-05 00:00:00";596317;
"2020-01-06 00:00:00";552797;
"2020-01-07 00:00:00";537217;
"2020-01-08 00:00:00";546324;
"2020-01-09 00:00:00";527587;
"2020-01-10 00:00:00";552391;
"2020-01-11 00:00:00";597049;
"2020-01-12 00:00:00";587719;
"2020-01-13 00:00:00";518541;
"2020-01-14 00:00:00";500439;
"2020-01-15 00:00:00";500934;
"2020-01-16 00:00:00";502287;
"2020-01-17 00:00:00";519762;
"2020-01-18 00:00:00";539569;
"2020-01-19 00:00:00";587332;
"2020-01-20 00:00:00";585285;
"2020-01-21 00:00:00";535475;
"2020-01-22 00:00:00";489513;
"2020-01-23 00:00:00";483251;
"2020-01-24 00:00:00";502338;
"2020-01-25 00:00:00";554613;
"2020-01-26 00:00:00";579025;
"2020-01-27 00:00:00";540262;
"2020-01-28 00:00:00";551145;
"2020-01-29 00:00:00";564095;
"2020-01-30 00:00:00";540209;
"2020-01-31 00:00:00";592515;
"2020-02-01 00:00:00";638674;
"2020-02-02 00:00:00";653689;
"2020-02-03 00:00:00";574857;
"2020-02-04 00:00:00";578852;
"2020-02-05 00:00:00";585533;
"2020-02-06 00:00:00";582255;
"2020-02-07 00:00:00";610003;
"2020-02-08 00:00:00";663715;
"2020-02-09 00:00:00";664196;
"2020-02-10 00:00:00";585403;
"2020-02-11 00:00:00";582378;
"2020-02-12 00:00:00";585640;
"2020-02-13 00:00:00";614675;
"2020-02-14 00:00:00";570431;
"2020-02-15 00:00:00";646882;
"2020-02-16 00:00:00";650965;
"2020-02-17 00:00:00";581002;
"2020-02-18 00:00:00";565914;
"2020-02-19 00:00:00";566163;
"2020-02-20 00:00:00";575811;
"2020-02-21 00:00:00";602249;
"2020-02-22 00:00:00";649090;
"2020-02-23 00:00:00";647060;
"2020-02-24 00:00:00";631059;
"2020-02-25 00:00:00";586412;
"2020-02-26 00:00:00";576194;
"2020-02-27 00:00:00";573766;
"2020-02-28 00:00:00";604857;
"2020-02-29 00:00:00";667430;
"2020-03-01 00:00:00";663908;
"2020-03-02 00:00:00";584655;
"2020-03-03 00:00:00";597940;
"2020-03-04 00:00:00";593276;
"2020-03-05 00:00:00";596857;
"2020-03-06 00:00:00";632413;
"2020-03-07 00:00:00";677939;
"2020-03-08 00:00:00";655952;
"2020-03-09 00:00:00";641137;
"2020-03-10 00:00:00";611316;
"2020-03-11 00:00:00";601064;
"2020-03-12 00:00:00";606492;
"2020-03-13 00:00:00";648459;
"2020-03-14 00:00:00";694829;
"2020-03-15 00:00:00";701632;
"2020-03-16 00:00:00";622267;
"2020-03-17 00:00:00";627256;
"2020-03-18 00:00:00";653657;
"2020-03-19 00:00:00";650319;
"2020-03-20 00:00:00";644468;
"2020-03-21 00:00:00";712955;
"2020-03-22 00:00:00";717882;
"2020-03-23 00:00:00";646119;
"2020-03-24 00:00:00";645431;
"2020-03-25 00:00:00";647103;
"2020-03-26 00:00:00";652833;
"2020-03-27 00:00:00";680104;
"2020-03-28 00:00:00";734306;
"2020-03-29 00:00:00";747551;
"2020-03-30 00:00:00";705206;
"2020-03-31 00:00:00";710105;
"2020-04-01 00:00:00";709816;
"2020-04-02 00:00:00";711948;
"2020-04-03 00:00:00";729223;
"2020-04-04 00:00:00";673158;
"2020-04-05 00:00:00";769179;
"2020-04-06 00:00:00";730472;
"2020-04-07 00:00:00";691941;
"2020-04-08 00:00:00";692299;
"2020-04-09 00:00:00";696306;
"2020-04-10 00:00:00";749534;
"2020-04-11 00:00:00";798255;
"2020-04-12 00:00:00";777024;
"2020-04-13 00:00:00";732905;
"2020-04-14 00:00:00";698225;
"2020-04-15 00:00:00";695232;
"2020-04-16 00:00:00";691873;
"2020-04-17 00:00:00";734479;
"2020-04-18 00:00:00";784907;
"2020-04-19 00:00:00";753197;
"2020-04-20 00:00:00";717931;
"2020-04-21 00:00:00";707802;
"2020-04-22 00:00:00";695872;
"2020-04-23 00:00:00";692433;
"2020-04-24 00:00:00";801645;
"2020-04-25 00:00:00";755625;
"2020-04-26 00:00:00";752551;
"2020-04-27 00:00:00";690764;
"2020-04-28 00:00:00";685828;
"2020-04-29 00:00:00";684201;
"2020-04-30 00:00:00";707171;
"2020-05-01 00:00:00";737658;
"2020-05-02 00:00:00";739214;
"2020-05-03 00:00:00";744965;
"2020-05-04 00:00:00";712027;
"2020-05-05 00:00:00";691091;
"2020-05-06 00:00:00";676544;
"2020-05-07 00:00:00";671957;
"2020-05-08 00:00:00";685757;
"2020-05-09 00:00:00";789960;
"2020-05-10 00:00:00";782042;
"2020-05-11 00:00:00";731514;
"2020-05-12 00:00:00";711090;
"2020-05-13 00:00:00";651973;
"2020-05-14 00:00:00";648391;
"2020-05-15 00:00:00";693471;
"2020-05-16 00:00:00";700616;
"2020-05-17 00:00:00";690710;
"2020-05-18 00:00:00";625526;
"2020-05-19 00:00:00";630180;
"2020-05-20 00:00:00";614605;
"2020-05-21 00:00:00";624875;
"2020-05-22 00:00:00";654562;
"2020-05-23 00:00:00";692365;
"2020-05-24 00:00:00";686945;
"2020-05-25 00:00:00";652796;
"2020-05-26 00:00:00";686696;
"2020-05-27 00:00:00";721228;
"2020-05-28 00:00:00";759632;
"2020-05-29 00:00:00";779421;
"2020-05-30 00:00:00";794638;
"2020-05-31 00:00:00";794178;
"2020-06-01 00:00:00";735851;
"2020-06-02 00:00:00";696520;
"2020-06-03 00:00:00";681471;
"2020-06-04 00:00:00";687106;
"2020-06-05 00:00:00";708913;
"2020-06-06 00:00:00";736441;
"2020-06-07 00:00:00";727736;
"2020-06-08 00:00:00";674850;
"2020-06-09 00:00:00";659012;
"2020-06-10 00:00:00";655469;
"2020-06-11 00:00:00";657308;
"2020-06-12 00:00:00";685764;
"2020-06-13 00:00:00";718603;
"2020-06-14 00:00:00";721435;
"2020-06-15 00:00:00";664641;
"2020-06-16 00:00:00";640505;
"2020-06-17 00:00:00";479097;
"2020-06-18 00:00:00";605299;
"2020-06-19 00:00:00";554858;
"2020-06-20 00:00:00";668124;
"2020-06-21 00:00:00";685855;
"2020-06-22 00:00:00";633679;
"2020-06-23 00:00:00";615515;
"2020-06-24 00:00:00";653341;
"2020-06-25 00:00:00";672542;
"2020-06-26 00:00:00";664018;
"2020-06-27 00:00:00";676893;
"2020-06-28 00:00:00";698473;
"2020-06-29 00:00:00";669000;
"2020-06-30 00:00:00";662506;
"2020-07-01 00:00:00";668477;
"2020-07-02 00:00:00";647076;
"2020-07-03 00:00:00";686704;
"2020-07-04 00:00:00";672179;
"2020-07-05 00:00:00";705378;
"2020-07-06 00:00:00";638577;
"2020-07-07 00:00:00";646385;
"2020-07-08 00:00:00";635018;
"2020-07-09 00:00:00";605030;
"2020-07-10 00:00:00";640155;
"2020-07-11 00:00:00";679953;
"2020-07-12 00:00:00";680365;
"2020-07-13 00:00:00";636671;
"2020-07-14 00:00:00";629047;
"2020-07-15 00:00:00";704063;
"2020-07-16 00:00:00";695258;
"2020-07-17 00:00:00";695081;
"2020-07-18 00:00:00";716054;
"2020-07-19 00:00:00";706023;
"2020-07-20 00:00:00";654247;
"2020-07-21 00:00:00";647338;
"2020-07-22 00:00:00";623812;
"2020-07-23 00:00:00";614801;
"2020-07-24 00:00:00";633026;
"2020-07-25 00:00:00";688351;
"2020-07-26 00:00:00";682534;
"2020-07-27 00:00:00";623099;
"2020-07-28 00:00:00";623304;
"2020-07-29 00:00:00";615047;
"2020-07-30 00:00:00";610996;
"2020-07-31 00:00:00";637146;
"2020-08-01 00:00:00";662354;
"2020-08-02 00:00:00";666563;
"2020-08-03 00:00:00";618754;
"2020-08-04 00:00:00";622789;
"2020-08-05 00:00:00";590477;
"2020-08-06 00:00:00";605052;
"2020-08-07 00:00:00";622979;
"2020-08-08 00:00:00";640933;
"2020-08-09 00:00:00";645332;
"2020-08-10 00:00:00";612761;
"2020-08-11 00:00:00";601707;
"2020-08-12 00:00:00";600930;
"2020-08-13 00:00:00";600049;
"2020-08-14 00:00:00";607983;
"2020-08-15 00:00:00";653121;
"2020-08-16 00:00:00";653151;
"2020-08-17 00:00:00";609067;
"2020-08-18 00:00:00";597723;
"2020-08-19 00:00:00";603543;
"2020-08-20 00:00:00";598546;
"2020-08-21 00:00:00";623477;
"2020-08-22 00:00:00";656593;
"2020-08-23 00:00:00";663082;
"2020-08-24 00:00:00";606495;
"2020-08-25 00:00:00";593628;
"2020-08-26 00:00:00";599272;
"2020-08-27 00:00:00";592966;
"2020-08-28 00:00:00";624937;
"2020-08-29 00:00:00";654784;
"2020-08-30 00:00:00";660181;
"2020-08-31 00:00:00";603454;
"2020-09-01 00:00:00";583655;
"2020-09-02 00:00:00";584314;
"2020-09-03 00:00:00";575142;
"2020-09-04 00:00:00";609949;
"2020-09-05 00:00:00";676484;
"2020-09-06 00:00:00";661610;
"2020-09-07 00:00:00";615343;
"2020-09-08 00:00:00";612108;
"2020-09-09 00:00:00";605731;
"2020-09-10 00:00:00";604704;
"2020-09-11 00:00:00";633810;
"2020-09-12 00:00:00";666157;
"2020-09-13 00:00:00";667484;
"2020-09-14 00:00:00";608219;
"2020-09-15 00:00:00";591365;
"2020-09-16 00:00:00";574364;
"2020-09-17 00:00:00";639781;
"2020-09-18 00:00:00";625726;
"2020-09-19 00:00:00";657514;
"2020-09-20 00:00:00";650913;
"2020-09-21 00:00:00";589166;
"2020-09-22 00:00:00";584267;
"2020-09-23 00:00:00";576464;
"2020-09-24 00:00:00";576418;
"2020-09-25 00:00:00";594360;
"2020-09-26 00:00:00";618758;
"2020-09-27 00:00:00";627074;
"2020-09-28 00:00:00";578161;
"2020-09-29 00:00:00";577517;
"2020-09-30 00:00:00";574589;
"2020-10-01 00:00:00";544521;
"2020-10-02 00:00:00";558992;
"2020-10-03 00:00:00";587182;
"2020-10-04 00:00:00";598689;
"2020-10-05 00:00:00";560064;
"2020-10-06 00:00:00";572025;
"2020-10-07 00:00:00";572346;
"2020-10-08 00:00:00";569424;
"2020-10-09 00:00:00";592576;
"2020-10-10 00:00:00";626391;
"2020-10-11 00:00:00";625704;
"2020-10-12 00:00:00";568804;
"2020-10-13 00:00:00";567968;
"2020-10-14 00:00:00";571816;
"2020-10-15 00:00:00";548700;
"2020-10-16 00:00:00";617229;
"2020-10-17 00:00:00";672263;
"2020-10-18 00:00:00";671074;
"2020-10-19 00:00:00";582648;
"2020-10-20 00:00:00";574917;
"2020-10-21 00:00:00";576272;
"2020-10-22 00:00:00";584406;
"2020-10-23 00:00:00";599476;
"2020-10-24 00:00:00";640935;
"2020-10-25 00:00:00";645475;
"2020-10-26 00:00:00";585759;
"2020-10-27 00:00:00";582822;
"2020-10-28 00:00:00";585078;
"2020-10-29 00:00:00";581579;
"2020-10-30 00:00:00";723714;
"2020-10-31 00:00:00";723768;
"2020-11-01 00:00:00";717263;
"2020-11-02 00:00:00";646180;
"2020-11-03 00:00:00";632060;
"2020-11-04 00:00:00";633491;
"2020-11-05 00:00:00";609841;
"2020-11-06 00:00:00";643521;
"2020-11-07 00:00:00";679969;
"2020-11-08 00:00:00";675320;
"2020-11-09 00:00:00";600586;
"2020-11-10 00:00:00";595652;
"2020-11-11 00:00:00";581437;
"2020-11-12 00:00:00";583129;
"2020-11-13 00:00:00";613949;
"2020-11-14 00:00:00";657418;
"2020-11-15 00:00:00";661146;
"2020-11-16 00:00:00";592042;
"2020-11-17 00:00:00";603969;
"2020-11-18 00:00:00";600106;
"2020-11-19 00:00:00";596107;
"2020-11-20 00:00:00";632912;
"2020-11-21 00:00:00";678801;
"2020-11-22 00:00:00";671898;
"2020-11-23 00:00:00";589954;
"2020-11-24 00:00:00";605542;
"2020-11-25 00:00:00";603316;
"2020-11-26 00:00:00";597808;
"2020-11-27 00:00:00";594916;
"2020-11-28 00:00:00";635421;
"2020-11-29 00:00:00";638909;
"2020-11-30 00:00:00";579531;
"2020-12-01 00:00:00";585832;
"2020-12-02 00:00:00";587758;
"2020-12-03 00:00:00";590848;
"2020-12-04 00:00:00";588057;
"2020-12-05 00:00:00";640781;
"2020-12-06 00:00:00";650950;
"2020-12-07 00:00:00";601797;
"2020-12-08 00:00:00";612702;
"2020-12-09 00:00:00";604562;
"2020-12-10 00:00:00";555015;
"2020-12-11 00:00:00";564962;
"2020-12-12 00:00:00";608027;
"2020-12-13 00:00:00";648889;
"2020-12-14 00:00:00";582937;
"2020-12-15 00:00:00";533454;
"2020-12-16 00:00:00";541105;
"2020-12-17 00:00:00";564103;
"2020-12-18 00:00:00";677209;
"2020-12-19 00:00:00";699068;
"2020-12-20 00:00:00";655966;
"2020-12-21 00:00:00";605751;
"2020-12-22 00:00:00";588569;
"2020-12-23 00:00:00";584125;
"2020-12-24 00:00:00";577591;
"2020-12-25 00:00:00";611604;
"2020-12-26 00:00:00";668686;
"2020-12-27 00:00:00";670181;
"2020-12-28 00:00:00";617729;
"2020-12-29 00:00:00";630265;
"2020-12-30 00:00:00";625344;
"2020-12-31 00:00:00";561914;
"2021-01-01 00:00:00";642032;
"2021-01-02 00:00:00";694687;
"2021-01-03 00:00:00";692293;
"2021-01-04 00:00:00";641586;
"2021-01-05 00:00:00";635058;
"2021-01-06 00:00:00";639575;
"2021-01-07 00:00:00";631054;
"2021-01-08 00:00:00";653137;
"2021-01-09 00:00:00";686961;
"2021-01-10 00:00:00";675262;
"2021-01-11 00:00:00";597452;
"2021-01-12 00:00:00";597176;
"2021-01-13 00:00:00";597337;
"2021-01-14 00:00:00";592929;
"2021-01-15 00:00:00";624949;
"2021-01-16 00:00:00";677356;
"2021-01-17 00:00:00";675377;
"2021-01-18 00:00:00";597913;
"2021-01-19 00:00:00";601506;
"2021-01-20 00:00:00";599367;
"2021-01-21 00:00:00";591833;
"2021-01-22 00:00:00";639669;
"2021-01-23 00:00:00";695426;
"2021-01-24 00:00:00";681747;
"2021-01-25 00:00:00";600294;
"2021-01-26 00:00:00";597119;
"2021-01-27 00:00:00";602107;
"2021-01-28 00:00:00";607474;
"2021-01-29 00:00:00";631243;
"2021-01-30 00:00:00";673605;
"2021-01-31 00:00:00";670150;
"2021-02-01 00:00:00";594826;
"2021-02-02 00:00:00";591730;
"2021-02-03 00:00:00";562377;
"2021-02-04 00:00:00";569090;
"2021-02-05 00:00:00";590684;
"2021-02-06 00:00:00";640390;
"2021-02-07 00:00:00";657208;
"2021-02-08 00:00:00";575991;
"2021-02-09 00:00:00";622810;
"2021-02-10 00:00:00";587779;
"2021-02-11 00:00:00";587083;
"2021-02-12 00:00:00";592462;
"2021-02-13 00:00:00";628184;
"2021-02-14 00:00:00";611811;
"2021-02-15 00:00:00";582022;
"2021-02-16 00:00:00";583464;
"2021-02-17 00:00:00";578226;
"2021-02-18 00:00:00";579271;
"2021-02-19 00:00:00";585888;
"2021-02-20 00:00:00";634971;
"2021-02-21 00:00:00";635217;
"2021-02-22 00:00:00";592737;
"2021-02-23 00:00:00";594142;
"2021-02-24 00:00:00";561337;
"2021-02-25 00:00:00";559468;
"2021-02-26 00:00:00";586436;
"2021-02-27 00:00:00";640150;
"2021-02-28 00:00:00";625983;
"2021-03-01 00:00:00";552579;
"2021-03-02 00:00:00";554246;
"2021-03-03 00:00:00";549697;
"2021-03-04 00:00:00";556617;
"2021-03-05 00:00:00";594058;
"2021-03-06 00:00:00";642030;
"2021-03-07 00:00:00";638623;
"2021-03-08 00:00:00";590335;
"2021-03-09 00:00:00";577576;
"2021-03-10 00:00:00";561707;
"2021-03-11 00:00:00";572503;
"2021-03-12 00:00:00";594709;
"2021-03-13 00:00:00";650049;
"2021-03-14 00:00:00";647400;
"2021-03-15 00:00:00";563434;
"2021-03-16 00:00:00";550917;
"2021-03-17 00:00:00";556771;
"2021-03-18 00:00:00";555251;
"2021-03-19 00:00:00";583185;
"2021-03-20 00:00:00";632892;
"2021-03-21 00:00:00";636162;
"2021-03-22 00:00:00";564808;
"2021-03-23 00:00:00";562219;
"2021-03-24 00:00:00";556923;
"2021-03-25 00:00:00";541644;
"2021-03-26 00:00:00";579862;
"2021-03-27 00:00:00";627583;
"2021-03-28 00:00:00";638827;
"2021-03-29 00:00:00";572393;
"2021-03-30 00:00:00";574312;
"2021-03-31 00:00:00";562552;
"2021-04-01 00:00:00";579187;
"2021-04-02 00:00:00";624634;
"2021-04-03 00:00:00";634540;
"2021-04-04 00:00:00";675598;
"2021-04-05 00:00:00";616108;
"2021-04-06 00:00:00";596512;
"2021-04-07 00:00:00";589920;
"2021-04-08 00:00:00";587701;
"2021-04-09 00:00:00";615123;
"2021-04-10 00:00:00";706812;
"2021-04-11 00:00:00";690611;
"2021-04-12 00:00:00";603890;
"2021-04-13 00:00:00";607149;
"2021-04-14 00:00:00";607526;
"2021-04-15 00:00:00";608309;
"2021-04-16 00:00:00";631693;
"2021-04-17 00:00:00";678417;
"2021-04-18 00:00:00";670788;
"2021-04-19 00:00:00";594235;
"2021-04-20 00:00:00";602955;
"2021-04-21 00:00:00";606207;
"2021-04-22 00:00:00";608592;
"2021-04-23 00:00:00";637205;
"2021-04-24 00:00:00";660324;
"2021-04-25 00:00:00";652658;
"2021-04-26 00:00:00";601392;
"2021-04-27 00:00:00";599256;
"2021-04-28 00:00:00";586224;
"2021-04-29 00:00:00";580701;
"2021-04-30 00:00:00";603045;
"2021-05-01 00:00:00";617213;
"2021-05-02 00:00:00";624675;
"2021-05-03 00:00:00";611023;
"2021-05-04 00:00:00";624711;
"2021-05-05 00:00:00";600127;
"2021-05-06 00:00:00";594461;
"2021-05-07 00:00:00";609691;
"2021-05-08 00:00:00";668346;
"2021-05-09 00:00:00";642112;
"2021-05-10 00:00:00";619835;
"2021-05-11 00:00:00";595859;
"2021-05-12 00:00:00";600408;
"2021-05-13 00:00:00";612630;
"2021-05-14 00:00:00";632178;
"2021-05-15 00:00:00";673660;
"2021-05-16 00:00:00";667193;
"2021-05-17 00:00:00";595994;
"2021-05-18 00:00:00";599709;
"2021-05-19 00:00:00";595419;
"2021-05-20 00:00:00";594259;
"2021-05-21 00:00:00";620071;
"2021-05-22 00:00:00";653337;
"2021-05-23 00:00:00";656314;
"2021-05-24 00:00:00";612729;
"2021-05-25 00:00:00";615977;
"2021-05-26 00:00:00";597704;
"2021-05-27 00:00:00";599292;
"2021-05-28 00:00:00";624177;
"2021-05-29 00:00:00";665065;
"2021-05-30 00:00:00";664560;
"2021-05-31 00:00:00";609589;
"2021-06-01 00:00:00";601098;
"2021-06-02 00:00:00";575347;
"2021-06-03 00:00:00";602053;
"2021-06-04 00:00:00";607988;
"2021-06-05 00:00:00";639076;
"2021-06-06 00:00:00";645099;
"2021-06-07 00:00:00";594632;
"2021-06-08 00:00:00";601917;
"2021-06-09 00:00:00";576364;
"2021-06-10 00:00:00";605800;
"2021-06-11 00:00:00";645423;
"2021-06-12 00:00:00";629270;
"2021-06-13 00:00:00";633424;
"2021-06-14 00:00:00";621659;
"2021-06-15 00:00:00";597814;
"2021-06-16 00:00:00";576949;
"2021-06-17 00:00:00";582271;
"2021-06-18 00:00:00";609917;
"2021-06-19 00:00:00";631284;
"2021-06-20 00:00:00";635799;
"2021-06-21 00:00:00";591920;
"2021-06-22 00:00:00";591626;
"2021-06-23 00:00:00";578949;
"2021-06-24 00:00:00";685550;
"2021-06-25 00:00:00";705594;
"2021-06-26 00:00:00";734277;
"2021-06-27 00:00:00";731025;
"2021-06-28 00:00:00";679040;
"2021-06-29 00:00:00";671987;
"2021-06-30 00:00:00";653704;
"2021-07-01 00:00:00";641004;
"2021-07-02 00:00:00";671497;
"2021-07-03 00:00:00";701081;
"2021-07-04 00:00:00";710866;
"2021-07-05 00:00:00";645512;
"2021-07-06 00:00:00";634842;
"2021-07-07 00:00:00";613244;
"2021-07-08 00:00:00";594823;
"2021-07-09 00:00:00";627973;
"2021-07-10 00:00:00";653670;
"2021-07-11 00:00:00";664328;
"2021-07-12 00:00:00";591572;
"2021-07-13 00:00:00";590775;
"2021-07-14 00:00:00";604078;
"2021-07-15 00:00:00";610985;
"2021-07-16 00:00:00";635215;
"2021-07-17 00:00:00";669014;
"2021-07-18 00:00:00";664811;
"2021-07-19 00:00:00";623884;
"2021-07-20 00:00:00";616790;
"2021-07-21 00:00:00";601048;
"2021-07-22 00:00:00";604800;
"2021-07-23 00:00:00";641714;
"2021-07-24 00:00:00";669856;
"2021-07-25 00:00:00";669966;
"2021-07-26 00:00:00";612432;
"2021-07-27 00:00:00";607046;
"2021-07-28 00:00:00";608390;
"2021-07-29 00:00:00";612487;
"2021-07-30 00:00:00";619949;
"2021-07-31 00:00:00";662037;
"2021-08-01 00:00:00";656257;
"2021-08-02 00:00:00";607967;
"2021-08-03 00:00:00";604559;
"2021-08-04 00:00:00";586161;
"2021-08-05 00:00:00";606420;
"2021-08-06 00:00:00";655257;
"2021-08-07 00:00:00";679341;
"2021-08-08 00:00:00";672867;
"2021-08-09 00:00:00";619088;
"2021-08-10 00:00:00";626936;
"2021-08-11 00:00:00";619753;
"2021-08-12 00:00:00";614846;
"2021-08-13 00:00:00";637631;
"2021-08-14 00:00:00";658505;
"2021-08-15 00:00:00";663251;
"2021-08-16 00:00:00";601365;
"2021-08-17 00:00:00";614995;
"2021-08-18 00:00:00";643946;
"2021-08-19 00:00:00";633073;
"2021-08-20 00:00:00";673351;
"2021-08-21 00:00:00";700172;
"2021-08-22 00:00:00";700245;
"2021-08-23 00:00:00";636842;
"2021-08-24 00:00:00";652226;
"2021-08-25 00:00:00";622016;
"2021-08-26 00:00:00";597612;
"2021-08-27 00:00:00";618038;
"2021-08-28 00:00:00";647219;
"2021-08-29 00:00:00";633774;
"2021-08-30 00:00:00";599916;
"2021-08-31 00:00:00";582733;
"2021-09-01 00:00:00";566983;
"2021-09-02 00:00:00";572317;
"2021-09-03 00:00:00";614592;
"2021-09-04 00:00:00";649530;
"2021-09-05 00:00:00";638987;
"2021-09-06 00:00:00";575070;
"2021-09-07 00:00:00";571266;
"2021-09-08 00:00:00";571067;
"2021-09-09 00:00:00";570031;
"2021-09-10 00:00:00";603201;
"2021-09-11 00:00:00";625693;
"2021-09-12 00:00:00";636266;
"2021-09-13 00:00:00";575420;
"2021-09-14 00:00:00";580468;
"2021-09-15 00:00:00";567133;
"2021-09-16 00:00:00";580103;
"2021-09-17 00:00:00";607405;
"2021-09-18 00:00:00";655354;
"2021-09-19 00:00:00";667488;
"2021-09-20 00:00:00";607209;
"2021-09-21 00:00:00";583244;
"2021-09-22 00:00:00";574351;
"2021-09-23 00:00:00";572744;
"2021-09-24 00:00:00";606056;
"2021-09-25 00:00:00";619253;
"2021-09-26 00:00:00";624809;
"2021-09-27 00:00:00";568246;
"2021-09-28 00:00:00";555891;
"2021-09-29 00:00:00";555937;
"2021-09-30 00:00:00";569104;
"2021-10-01 00:00:00";574260;
"2021-10-02 00:00:00";611346;
"2021-10-03 00:00:00";624999;
"2021-10-04 00:00:00";580531;
"2021-10-05 00:00:00";587829;
"2021-10-06 00:00:00";607591;
"2021-10-07 00:00:00";628369;
"2021-10-08 00:00:00";631517;
"2021-10-09 00:00:00";688850;
"2021-10-10 00:00:00";705546;
"2021-10-11 00:00:00";641451;
"2021-10-12 00:00:00";669193;
"2021-10-13 00:00:00";658287;
"2021-10-14 00:00:00";670010;
"2021-10-15 00:00:00";698317;
"2021-10-16 00:00:00";747258;
"2021-10-17 00:00:00";742746;
"2021-10-18 00:00:00";699425;
"2021-10-19 00:00:00";699434;
"2021-10-20 00:00:00";689227;
"2021-10-21 00:00:00";685620;
"2021-10-22 00:00:00";719782;
"2021-10-23 00:00:00";753627;
"2021-10-24 00:00:00";750050;
"2021-10-25 00:00:00";665395;
"2021-10-26 00:00:00";669329;
"2021-10-27 00:00:00";664867;
"2021-10-28 00:00:00";674164;
"2021-10-29 00:00:00";743678;
"2021-10-30 00:00:00";749926;
"2021-10-31 00:00:00";748911;
"2021-11-01 00:00:00";688065;
"2021-11-02 00:00:00";688242;
"2021-11-03 00:00:00";685015;
"2021-11-04 00:00:00";682875;
"2021-11-05 00:00:00";719306;
"2021-11-06 00:00:00";752800;
"2021-11-07 00:00:00";748481;
"2021-11-08 00:00:00";649690;
"2021-11-09 00:00:00";650978;
"2021-11-10 00:00:00";638647;
"2021-11-11 00:00:00";642508;
"2021-11-12 00:00:00";684514;
"2021-11-13 00:00:00";713402;
"2021-11-14 00:00:00";722224;
"2021-11-15 00:00:00";640900;
"2021-11-16 00:00:00";627442;
"2021-11-17 00:00:00";627383;
"2021-11-18 00:00:00";632470;
"2021-11-19 00:00:00";669143;
"2021-11-20 00:00:00";714312;
"2021-11-21 00:00:00";712004;
"2021-11-22 00:00:00";629867;
"2021-11-23 00:00:00";613157;
"2021-11-24 00:00:00";606639;
"2021-11-25 00:00:00";601006;
"2021-11-26 00:00:00";640793;
"2021-11-27 00:00:00";680734;
"2021-11-28 00:00:00";677744;
"2021-11-29 00:00:00";599744;
"2021-11-30 00:00:00";551488;
"2021-12-01 00:00:00";565845;
"2021-12-02 00:00:00";590347;
"2021-12-03 00:00:00";607169;
"2021-12-04 00:00:00";681648;
"2021-12-05 00:00:00";675886;
"2021-12-06 00:00:00";582191;
"2021-12-07 00:00:00";565717;
"2021-12-08 00:00:00";583133;
"2021-12-09 00:00:00";592936;
"2021-12-10 00:00:00";628521;
"2021-12-11 00:00:00";673695;
"2021-12-12 00:00:00";661789;
"2021-12-13 00:00:00";583410;
"2021-12-14 00:00:00";594063;
"2021-12-15 00:00:00";701204;
"2021-12-16 00:00:00";687902;
"2021-12-17 00:00:00";708866;
"2021-12-18 00:00:00";759878;
"2021-12-19 00:00:00";747404;
"2021-12-20 00:00:00";659685;
"2021-12-21 00:00:00";667777;
"2021-12-22 00:00:00";678907;
"2021-12-23 00:00:00";676915;
"2021-12-24 00:00:00";695712;
"2021-12-25 00:00:00";724577;
"2021-12-26 00:00:00";747607;
"2021-12-27 00:00:00";685928;
"2021-12-28 00:00:00";688514;
"2021-12-29 00:00:00";687229;
"2021-12-30 00:00:00";685528;
"2021-12-31 00:00:00";609282;
"2022-01-01 00:00:00";701209;
"2022-01-02 00:00:00";761107;
"2022-01-03 00:00:00";723708;
"2022-01-04 00:00:00";711905;
"2022-01-05 00:00:00";667797;
"2022-01-06 00:00:00";683772;
"2022-01-07 00:00:00";722520;
"2022-01-08 00:00:00";746546;
"2022-01-09 00:00:00";748270;
"2022-01-10 00:00:00";649285;
"2022-01-11 00:00:00";666844;
"2022-01-12 00:00:00";652170;
"2022-01-13 00:00:00";666779;
"2022-01-14 00:00:00";704897;
"2022-01-15 00:00:00";759140;
"2022-01-16 00:00:00";748944;
"2022-01-17 00:00:00";658583;
"2022-01-18 00:00:00";662666;
"2022-01-19 00:00:00";683249;
"2022-01-20 00:00:00";697070;
"2022-01-21 00:00:00";722724;
"2022-01-22 00:00:00";785669;
"2022-01-23 00:00:00";787609;
"2022-01-24 00:00:00";698553;
"2022-01-25 00:00:00";683797;
"2022-01-26 00:00:00";689064;
"2022-01-27 00:00:00";685230;
"2022-01-28 00:00:00";687500;
"2022-01-29 00:00:00";719590;
"2022-01-30 00:00:00";736619;
"2022-01-31 00:00:00";645732;
"2022-02-01 00:00:00";647090;
"2022-02-02 00:00:00";646604;
"2022-02-03 00:00:00";655853;
"2022-02-04 00:00:00";684371;
"2022-02-05 00:00:00";717900;
"2022-02-06 00:00:00";728213;
"2022-02-07 00:00:00";656134;
"2022-02-08 00:00:00";658249;
"2022-02-09 00:00:00";647197;
"2022-02-10 00:00:00";654581;
"2022-02-11 00:00:00";678340;
"2022-02-12 00:00:00";722671;
"2022-02-13 00:00:00";713912;
"2022-02-14 00:00:00";606069;
"2022-02-15 00:00:00";634776;
"2022-02-16 00:00:00";628817;
"2022-02-17 00:00:00";637712;
"2022-02-18 00:00:00";663239;
"2022-02-19 00:00:00";718988;
"2022-02-20 00:00:00";716977;
"2022-02-21 00:00:00";635525;
"2022-02-22 00:00:00";642124;
"2022-02-23 00:00:00";656662;
"2022-02-24 00:00:00";680600;
"2022-02-25 00:00:00";661385;
"2022-02-26 00:00:00";685785;
"2022-02-27 00:00:00";693611;
"2022-02-28 00:00:00";609882;
"2022-03-01 00:00:00";607820;
"2022-03-02 00:00:00";591257;
"2022-03-03 00:00:00";604533;
"2022-03-04 00:00:00";638915;
"2022-03-05 00:00:00";668034;
"2022-03-06 00:00:00";663120;
"2022-03-07 00:00:00";638388;
"2022-03-08 00:00:00";633172;
"2022-03-09 00:00:00";611092;
"2022-03-10 00:00:00";654721;
"2022-03-11 00:00:00";691301;
"2022-03-12 00:00:00";735576;
"2022-03-13 00:00:00";730452;
"2022-03-14 00:00:00";658550;
"2022-03-15 00:00:00";653160;
"2022-03-16 00:00:00";661409;
"2022-03-17 00:00:00";664176;
"2022-03-18 00:00:00";702065;
"2022-03-19 00:00:00";732967;
"2022-03-20 00:00:00";733661;
"2022-03-21 00:00:00";658559;
"2022-03-22 00:00:00";660251;
"2022-03-23 00:00:00";657839;
"2022-03-24 00:00:00";661084;
"2022-03-25 00:00:00";682288;
"2022-03-26 00:00:00";721809;
"2022-03-27 00:00:00";743726;
"2022-03-28 00:00:00";667824;
"2022-03-29 00:00:00";660339;
"2022-03-30 00:00:00";636432;
"2022-03-31 00:00:00";641765;
"2022-04-01 00:00:00";672955;
"2022-04-02 00:00:00";705398;
"2022-04-03 00:00:00";734735;
"2022-04-04 00:00:00";662819;
"2022-04-05 00:00:00";639055;
"2022-04-06 00:00:00";629573;
"2022-04-07 00:00:00";637621;
"2022-04-08 00:00:00";675577;
"2022-04-09 00:00:00";711987;
"2022-04-10 00:00:00";722648;
"2022-04-11 00:00:00";638896;
"2022-04-12 00:00:00";639732;
"2022-04-13 00:00:00";636720;
"2022-04-14 00:00:00";635395;
"2022-04-15 00:00:00";680358;
"2022-04-16 00:00:00";695682;
"2022-04-17 00:00:00";713865;
"2022-04-18 00:00:00";638759;
"2022-04-19 00:00:00";629763;
"2022-04-20 00:00:00";625649;
"2022-04-21 00:00:00";637162;
"2022-04-22 00:00:00";662176;
"2022-04-23 00:00:00";674463;
"2022-04-24 00:00:00";681992;
"2022-04-25 00:00:00";634652;
"2022-04-26 00:00:00";625323;
"2022-04-27 00:00:00";623517;
"2022-04-28 00:00:00";624845;
"2022-04-29 00:00:00";644277;
"2022-04-30 00:00:00";661582;
"2022-05-01 00:00:00";666297;
"2022-05-02 00:00:00";670712;
"2022-05-03 00:00:00";679894;
"2022-05-04 00:00:00";609446;
"2022-05-05 00:00:00";623780;
"2022-05-06 00:00:00";612303;
"2022-05-07 00:00:00";662274;
"2022-05-08 00:00:00";659988;
"2022-05-09 00:00:00";637764;
"2022-05-10 00:00:00";661259;
"2022-05-11 00:00:00";625840;
"2022-05-12 00:00:00";592903;
"2022-05-13 00:00:00";643911;
"2022-05-14 00:00:00";667775;
"2022-05-15 00:00:00";676820;
"2022-05-16 00:00:00";626932;
"2022-05-17 00:00:00";625656;
"2022-05-18 00:00:00";624898;
"2022-05-19 00:00:00";632785;
"2022-05-20 00:00:00";635992;
"2022-05-21 00:00:00";675914;
"2022-05-22 00:00:00";679372;
"2022-05-23 00:00:00";637626;
"2022-05-24 00:00:00";633583;
"2022-05-25 00:00:00";626201;
"2022-05-26 00:00:00";628533;
"2022-05-27 00:00:00";660708;
"2022-05-28 00:00:00";692214;
"2022-05-29 00:00:00";695554;
"2022-05-30 00:00:00";641451;
"2022-05-31 00:00:00";639042;
"2022-06-01 00:00:00";630312;
"2022-06-02 00:00:00";658681;
"2022-06-03 00:00:00";659598;
"2022-06-04 00:00:00";683120;
"2022-06-05 00:00:00";698569;
"2022-06-06 00:00:00";648713;
"2022-06-07 00:00:00";603070;
"2022-06-08 00:00:00";636498;
"2022-06-09 00:00:00";649894;
"2022-06-10 00:00:00";654852;
"2022-06-11 00:00:00";682140;
"2022-06-12 00:00:00";699920;
"2022-06-13 00:00:00";677278;
"2022-06-14 00:00:00";600306;
"2022-06-15 00:00:00";625293;
"2022-06-16 00:00:00";638673;
"2022-06-17 00:00:00";655396;
"2022-06-18 00:00:00";678865;
"2022-06-19 00:00:00";695028;
"2022-06-20 00:00:00";639380;
"2022-06-21 00:00:00";635080;
"2022-06-22 00:00:00";639268;
"2022-06-23 00:00:00";609928;
"2022-06-24 00:00:00";626441;
"2022-06-25 00:00:00";644479;
"2022-06-26 00:00:00";702003;
"2022-06-27 00:00:00";646816;
"2022-06-28 00:00:00";647280;
"2022-06-29 00:00:00";639971;
"2022-06-30 00:00:00";635548;
"2022-07-01 00:00:00";648764;
"2022-07-02 00:00:00";670745;
"2022-07-03 00:00:00";686899;
"2022-07-04 00:00:00";648051;
"2022-07-05 00:00:00";635059;
"2022-07-06 00:00:00";630159;
"2022-07-07 00:00:00";624719;
"2022-07-08 00:00:00";612621;
"2022-07-09 00:00:00";625638;
"2022-07-10 00:00:00";667875;
"2022-07-11 00:00:00";599156;
"2022-07-12 00:00:00";596561;
"2022-07-13 00:00:00";609521;
"2022-07-14 00:00:00";615233;
"2022-07-15 00:00:00";641037;
"2022-07-16 00:00:00";657140;
"2022-07-17 00:00:00";672270;
"2022-07-18 00:00:00";625836;
"2022-07-19 00:00:00";622387;
"2022-07-20 00:00:00";578016;
"2022-07-21 00:00:00";606654;
"2022-07-22 00:00:00";612166;
"2022-07-23 00:00:00";634985;
"2022-07-24 00:00:00";653392;
"2022-07-25 00:00:00";622230;
"2022-07-26 00:00:00";621930;
"2022-07-27 00:00:00";612232;
"2022-07-28 00:00:00";586432;
"2022-07-29 00:00:00";606036;
"2022-07-30 00:00:00";636172;
"2022-07-31 00:00:00";661139;
"2022-08-01 00:00:00";606150;
"2022-08-02 00:00:00";597707;
"2022-08-03 00:00:00";620403;
"2022-08-04 00:00:00";614760;
"2022-08-05 00:00:00";647607;
"2022-08-06 00:00:00";682044;
"2022-08-07 00:00:00";698620;
"2022-08-08 00:00:00";657713;
"2022-08-09 00:00:00";662973;
"2022-08-10 00:00:00";614086;
"2022-08-11 00:00:00";631838;
"2022-08-12 00:00:00";654017;
"2022-08-13 00:00:00";680751;
"2022-08-14 00:00:00";718258;
"2022-08-15 00:00:00";673047;
"2022-08-16 00:00:00";666861;
"2022-08-17 00:00:00";653588;
"2022-08-18 00:00:00";653605;
"2022-08-19 00:00:00";684139;
"2022-08-20 00:00:00";704990;
"2022-08-21 00:00:00";709538;
"2022-08-22 00:00:00";660659;
"2022-08-23 00:00:00";661799;
"2022-08-24 00:00:00";704790;
"2022-08-25 00:00:00";685209;
"2022-08-26 00:00:00";697922;
"2022-08-27 00:00:00";721415;
"2022-08-28 00:00:00";751789;
"2022-08-29 00:00:00";669831;
"2022-08-30 00:00:00";688368;
"2022-08-31 00:00:00";677372;
"2022-09-01 00:00:00";685456;
"2022-09-02 00:00:00";829357;
"2022-09-03 00:00:00";857329;
"2022-09-04 00:00:00";872372;
"2022-09-05 00:00:00";773645;
"2022-09-06 00:00:00";732197;
"2022-09-07 00:00:00";708173;
"2022-09-08 00:00:00";709695;
"2022-09-09 00:00:00";758876;
"2022-09-10 00:00:00";797785;
"2022-09-11 00:00:00";829448;
"2022-09-12 00:00:00";724238;
"2022-09-13 00:00:00";715125;
"2022-09-14 00:00:00";734848;
"2022-09-15 00:00:00";733296;
"2022-09-16 00:00:00";774592;
"2022-09-17 00:00:00";809976;
"2022-09-18 00:00:00";831933;
"2022-09-19 00:00:00";727789;
"2022-09-20 00:00:00";709921;
"2022-09-21 00:00:00";701776;
"2022-09-22 00:00:00";696142;
"2022-09-23 00:00:00";739429;478462
"2022-09-24 00:00:00";769219;537128
"2022-09-25 00:00:00";815276;550898
"2022-09-26 00:00:00";705316;459061
"2022-09-27 00:00:00";689677;441729
"2022-09-28 00:00:00";679241;430198
"2022-09-29 00:00:00";657005;414082
"2022-09-30 00:00:00";677343;444880
"2022-10-01 00:00:00";728512;492977
"2022-10-02 00:00:00";743071;503259
"2022-10-03 00:00:00";658125;431825
"2022-10-04 00:00:00";653212;419128
"2022-10-05 00:00:00";649814;422367
"2022-10-06 00:00:00";645876;412510
"2022-10-07 00:00:00";641755;424992
"2022-10-08 00:00:00";670534;447306
"2022-10-09 00:00:00";707104;454014
"2022-10-10 00:00:00";611282;387726
"2022-10-11 00:00:00";623515;383864
"2022-10-12 00:00:00";625205;386031
"2022-10-13 00:00:00";640339;398292
"2022-10-14 00:00:00";672178;414407
"2022-10-15 00:00:00";696628;463673
"2022-10-16 00:00:00";708109;471923
"2022-10-17 00:00:00";627066;388729
"2022-10-18 00:00:00";658813;393442
"2022-10-19 00:00:00";634368;390344
"2022-10-20 00:00:00";644098;388228
"2022-10-21 00:00:00";684334;417498
"2022-10-22 00:00:00";729996;472256
"2022-10-23 00:00:00";752713;488351
"2022-10-24 00:00:00";663192;417280
"2022-10-25 00:00:00";647423;404011
"2022-10-26 00:00:00";756846;439593
"2022-10-27 00:00:00";928813;593977
"2022-10-28 00:00:00";951391;573350
"2022-10-29 00:00:00";1007251;658340
"2022-10-30 00:00:00";1042939;657568
"2022-10-31 00:00:00";879529;550166
"2022-11-01 00:00:00";852328;538658
"2022-11-02 00:00:00";825583;523485
"2022-11-03 00:00:00";824449;524150
"2022-11-04 00:00:00";990991;635498
"2022-11-05 00:00:00";990866;663258
"2022-11-06 00:00:00";974080;650231
"2022-11-07 00:00:00";830685;523666
"2022-11-08 00:00:00";815896;510473
"2022-11-09 00:00:00";811965;505965
"2022-11-10 00:00:00";798848;504648
"2022-11-11 00:00:00";859711;541525
"2022-11-12 00:00:00";913280;614291
"2022-11-13 00:00:00";902168;599068
"2022-11-14 00:00:00";766349;477900
"2022-11-15 00:00:00";756038;471264
"2022-11-16 00:00:00";746346;461586
"2022-11-17 00:00:00";746649;467828
"2022-11-18 00:00:00";821357;522331
"2022-11-19 00:00:00";875309;589237
"2022-11-20 00:00:00";871081;580767
"2022-11-21 00:00:00";719976;461532
"2022-11-22 00:00:00";747016;470152
"2022-11-23 00:00:00";750865;484301
"2022-11-24 00:00:00";745425;472229
"2022-11-25 00:00:00";798168;503018
"2022-11-26 00:00:00";847712;566957
"2022-11-27 00:00:00";843499;552774
"2022-11-28 00:00:00";715885;455423
"2022-11-29 00:00:00";721876;448934
"2022-11-30 00:00:00";720072;456726
"2022-12-01 00:00:00";720706;456799
"2022-12-02 00:00:00";769772;488619
"2022-12-03 00:00:00";824540;549550
"2022-12-04 00:00:00";834168;550026
"2022-12-05 00:00:00";701358;432272
"2022-12-06 00:00:00";609947;402874
"2022-12-07 00:00:00";688515;431764
"2022-12-08 00:00:00";701545;450960
"2022-12-09 00:00:00";712998;459861
"2022-12-10 00:00:00";761890;509123
"2022-12-11 00:00:00";775047;520679
"2022-12-12 00:00:00";677299;434412
"2022-12-13 00:00:00";676189;429179
"2022-12-14 00:00:00";649274;422615
"2022-12-15 00:00:00";648533;425188
"2022-12-16 00:00:00";703692;460076
"2022-12-17 00:00:00";735042;502386
"2022-12-18 00:00:00";736771;493964
"2022-12-19 00:00:00";665691;440703
"2022-12-20 00:00:00";636395;414985
"2022-12-21 00:00:00";636478;427165
"2022-12-22 00:00:00";660732;451059
"2022-12-23 00:00:00";700154;483633
"2022-12-24 00:00:00";714387;521726
"2022-12-25 00:00:00";731362;512656
"2022-12-26 00:00:00";680437;475971
"2022-12-27 00:00:00";677819;472703
"2022-12-28 00:00:00";673248;470825
"2022-12-29 00:00:00";664173;473475
"2022-12-30 00:00:00";695767;493404
"2022-12-31 00:00:00";612333;450946
"2023-01-01 00:00:00";702094;486214
"2023-01-02 00:00:00";729264;518029
"2023-01-03 00:00:00";708538;483551
"2023-01-04 00:00:00";702605;479959
"2023-01-05 00:00:00";697677;476803
"2023-01-06 00:00:00";736476;489835
"2023-01-07 00:00:00";766096;526003
"2023-01-08 00:00:00";759689;509067
"2023-01-09 00:00:00";663029;437992
"2023-01-10 00:00:00";661604;430920
"2023-01-11 00:00:00";647600;424045
"2023-01-12 00:00:00";642954;416560
"2023-01-13 00:00:00";608493;396815
"2023-01-14 00:00:00";654991;449675
"2023-01-15 00:00:00";665814;448524
"2023-01-16 00:00:00";568349;375248
"2023-01-17 00:00:00";577362;380195
"2023-01-18 00:00:00";569941;377390
"2023-01-19 00:00:00";579808;384181
"2023-01-20 00:00:00";589321;397142
"2023-01-21 00:00:00";611588;425185
"2023-01-22 00:00:00";642144;434773
"2023-01-23 00:00:00";548577;373402
"2023-01-24 00:00:00";554632;375246
"2023-01-25 00:00:00";548820;369663
"2023-01-26 00:00:00";565900;377759
"2023-01-27 00:00:00";577184;398166
"2023-01-28 00:00:00";628633;435395
"2023-01-29 00:00:00";652214;436751
"2023-01-30 00:00:00";565458;377246
"2023-01-31 00:00:00";576137;375541
"2023-02-01 00:00:00";565877;370743
"2023-02-02 00:00:00";575052;376586
"2023-02-03 00:00:00";617917;400184
"2023-02-04 00:00:00";667113;457757
"2023-02-05 00:00:00";679838;456787
"2023-02-06 00:00:00";580109;375992
"2023-02-07 00:00:00";581301;371134
"2023-02-08 00:00:00";579178;372683
"2023-02-09 00:00:00";582283;373403
"2023-02-10 00:00:00";605267;386154
"2023-02-11 00:00:00";653083;450037
"2023-02-12 00:00:00";673285;448657
"2023-02-13 00:00:00";571953;367070
"2023-02-14 00:00:00";541177;349132
"2023-02-15 00:00:00";577669;364482
"2023-02-16 00:00:00";586637;375283
"2023-02-17 00:00:00";622976;403288
"2023-02-18 00:00:00";672094;453031
"2023-02-19 00:00:00";680150;458057
"2023-02-20 00:00:00";578441;378788
"2023-02-21 00:00:00";592171;382543
"2023-02-22 00:00:00";592633;388768
"2023-02-23 00:00:00";613025;401816
"2023-02-24 00:00:00";636935;419665
"2023-02-25 00:00:00";673946;455760
"2023-02-26 00:00:00";685805;457669
"2023-02-27 00:00:00";580476;378554
"2023-02-28 00:00:00";576168;367862
"2023-03-01 00:00:00";575240;366857
"2023-03-02 00:00:00";585907;374191
"2023-03-03 00:00:00";620359;397175
"2023-03-04 00:00:00";668770;447429
"2023-03-05 00:00:00";693581;463401
"2023-03-06 00:00:00";594332;386111
"2023-03-07 00:00:00";704301;452755
"2023-03-08 00:00:00";679736;434165
"2023-03-09 00:00:00";641316;405775
"2023-03-10 00:00:00";703120;438785
"2023-03-11 00:00:00";750067;515096
"2023-03-12 00:00:00";757854;515087
"2023-03-13 00:00:00";621914;420438
"2023-03-14 00:00:00";632202;408391
"2023-03-15 00:00:00";597593;384329
"2023-03-16 00:00:00";575014;383468
"2023-03-17 00:00:00";636433;408960
"2023-03-18 00:00:00";678715;465422
"2023-03-19 00:00:00";694231;472691
"2023-03-20 00:00:00";598749;392573
"2023-03-21 00:00:00";605305;392444
"2023-03-22 00:00:00";593219;393121
"2023-03-23 00:00:00";585947;386168
"2023-03-24 00:00:00";619743;405883
"2023-03-25 00:00:00";667348;461265
"2023-03-26 00:00:00";682547;465225
"2023-03-27 00:00:00";595536;389436
"2023-03-28 00:00:00";595850;380295
"2023-03-29 00:00:00";593372;380337
"2023-03-30 00:00:00";596629;385985
"2023-03-31 00:00:00";617722;406024
"2023-04-01 00:00:00";655531;453169
"2023-04-02 00:00:00";673703;454320
"2023-04-03 00:00:00";578466;370939
"2023-04-04 00:00:00";607501;372647
"2023-04-05 00:00:00";584201;392126
"2023-04-06 00:00:00";595109;383752
"2023-04-07 00:00:00";630353;411238
"2023-04-08 00:00:00";645484;444824
"2023-04-09 00:00:00";653850;448516
"2023-04-10 00:00:00";590030;378259
"2023-04-11 00:00:00";587083;374528
"2023-04-12 00:00:00";581345;376711
"2023-04-13 00:00:00";588531;378272
"2023-04-14 00:00:00";634267;410837
"2023-04-15 00:00:00";673211;467524
"2023-04-16 00:00:00";673790;468312
"2023-04-17 00:00:00";601903;390212
"2023-04-18 00:00:00";601419;389074
"2023-04-19 00:00:00";603084;387691
"2023-04-20 00:00:00";609332;396340
"2023-04-21 00:00:00";810881;528644
"2023-04-22 00:00:00";780958;550761
"2023-04-23 00:00:00";803502;537523
"2023-04-24 00:00:00";711825;460537
"2023-04-25 00:00:00";717849;441183
"2023-04-26 00:00:00";654350;418631
"2023-04-27 00:00:00";627435;412666
"2023-04-28 00:00:00";649487;425129
"2023-04-29 00:00:00";661971;471817
"2023-04-30 00:00:00";706698;501459
"2023-05-01 00:00:00";708737;489478
"2023-05-02 00:00:00";630318;426070
"2023-05-03 00:00:00";615925;418544
"2023-05-04 00:00:00";633576;409814
"2023-05-05 00:00:00";621842;417638
"2023-05-06 00:00:00";677855;460618
"2023-05-07 00:00:00";687313;482237
"2023-05-08 00:00:00";665786;435011
"2023-05-09 00:00:00";665634;416099
"2023-05-10 00:00:00";617409;389334
"2023-05-11 00:00:00";624513;398579
"2023-05-12 00:00:00";641790;409994
"2023-05-13 00:00:00";673521;462797
"2023-05-14 00:00:00";691062;466224
"2023-05-15 00:00:00";599737;388972
"2023-05-16 00:00:00";606641;383474
"2023-05-17 00:00:00";601751;384616
"2023-05-18 00:00:00";633097;403752
"2023-05-19 00:00:00";655459;434282
"2023-05-20 00:00:00";679126;483610
"2023-05-21 00:00:00";707422;496298
"2023-05-22 00:00:00";631632;421468
"2023-05-23 00:00:00";632360;411471
"2023-05-24 00:00:00";629859;410802
"2023-05-25 00:00:00";636084;421619
"2023-05-26 00:00:00";662910;444438
"2023-05-27 00:00:00";701887;492330
"2023-05-28 00:00:00";715786;501002
"2023-05-29 00:00:00";646931;432466
"2023-05-30 00:00:00";629250;415066
"2023-05-31 00:00:00";619941;408828
"2023-06-01 00:00:00";612457;409138
"2023-06-02 00:00:00";627173;416554
"2023-06-03 00:00:00";648279;461605
"2023-06-04 00:00:00";683487;474232
"2023-06-05 00:00:00";616042;408983
"2023-06-06 00:00:00";617069;405882
"2023-06-07 00:00:00";624067;412790
"2023-06-08 00:00:00";618829;412155
"2023-06-09 00:00:00";622830;412440
"2023-06-10 00:00:00";658779;453264
"2023-06-11 00:00:00";663835;469311
"2023-06-12 00:00:00";616693;410968
"2023-06-13 00:00:00";581552;384271
"2023-06-14 00:00:00";578141;384820
"2023-06-15 00:00:00";578191;385368
"2023-06-16 00:00:00";593069;393540
"2023-06-17 00:00:00";628065;443379
"2023-06-18 00:00:00";649789;454782
"2023-06-19 00:00:00";586281;392907
"2023-06-20 00:00:00";589626;388911
"2023-06-21 00:00:00";601879;395784
"2023-06-22 00:00:00";592134;407253
"2023-06-23 00:00:00";605207;424675
"2023-06-24 00:00:00";619172;447410
"2023-06-25 00:00:00";648493;446574
"2023-06-26 00:00:00";600189;404154
"2023-06-27 00:00:00";606095;406319
"2023-06-28 00:00:00";629816;424845
"2023-06-29 00:00:00";640537;447429
"2023-06-30 00:00:00";646762;452752
"2023-07-01 00:00:00";681003;490649
"2023-07-02 00:00:00";706044;512828
"2023-07-03 00:00:00";636139;454806
"2023-07-04 00:00:00";638791;453109
"2023-07-05 00:00:00";622033;445241
"2023-07-06 00:00:00";622121;448527
"2023-07-07 00:00:00";639403;452612
"2023-07-08 00:00:00";662866;482110
"2023-07-09 00:00:00";697786;502799
"2023-07-10 00:00:00";639818;450237
"2023-07-11 00:00:00";639231;445214
"2023-07-12 00:00:00";620941;433278
"2023-07-13 00:00:00";592216;414413
"2023-07-14 00:00:00";613155;407961
"2023-07-15 00:00:00";638453;453120
"2023-07-16 00:00:00";654907;466164
"2023-07-17 00:00:00";594115;409524
"2023-07-18 00:00:00";600684;400737
"2023-07-19 00:00:00";584913;394898
"2023-07-20 00:00:00";577346;396060
"2023-07-21 00:00:00";597382;416150
"2023-07-22 00:00:00";628063;457729
"2023-07-23 00:00:00";643357;465939
"2023-07-24 00:00:00";587150;407707
"2023-07-25 00:00:00";569182;391758
"2023-07-26 00:00:00";574755;389998
"2023-07-27 00:00:00";581087;398249
"2023-07-28 00:00:00";602377;418154
"2023-07-29 00:00:00";621683;451297
"2023-07-30 00:00:00";660798;463543
"2023-07-31 00:00:00";583560;400806
"2023-08-01 00:00:00";567604;376563
"2023-08-02 00:00:00";570196;377340
"2023-08-03 00:00:00";572473;381249
"2023-08-04 00:00:00";584443;391003
"2023-08-05 00:00:00";610694;429030
"2023-08-06 00:00:00";640125;447266
"2023-08-07 00:00:00";582997;390546
"2023-08-08 00:00:00";572227;378603
"2023-08-09 00:00:00";625131;412181
"2023-08-10 00:00:00";593438;392240
"2023-08-11 00:00:00";620174;405491
"2023-08-12 00:00:00";657328;452163
"2023-08-13 00:00:00";668866;465617
"2023-08-14 00:00:00";613180;407657
"2023-08-15 00:00:00";601018;386505
"2023-08-16 00:00:00";597237;393447
"2023-08-17 00:00:00";594809;395766
"2023-08-18 00:00:00";835635;541356
"2023-08-19 00:00:00";837294;575432
"2023-08-20 00:00:00";863795;578337
"2023-08-21 00:00:00";765933;489221
"2023-08-22 00:00:00";748272;465985
"2023-08-23 00:00:00";736703;466033
"2023-08-24 00:00:00";727188;464083
"2023-08-25 00:00:00";738182;470518
"2023-08-26 00:00:00";756219;514916
"2023-08-27 00:00:00";775360;526549
"2023-08-28 00:00:00";700110;450652
"2023-08-29 00:00:00";703940;440843
"2023-08-30 00:00:00";691055;443641
"2023-08-31 00:00:00";713442;456604
"2023-09-01 00:00:00";741603;455499
"2023-09-02 00:00:00";770337;519106
"2023-09-03 00:00:00";784560;516291
"2023-09-04 00:00:00";694747;424436
"2023-09-05 00:00:00";691034;420531
"2023-09-06 00:00:00";697061;423789
"2023-09-07 00:00:00";712751;419693
"2023-09-08 00:00:00";724432;444978
"2023-09-09 00:00:00";760571;508699
"2023-09-10 00:00:00";755438;505362
"2023-09-11 00:00:00";669565;409259
"2023-09-12 00:00:00";665758;404780
"2023-09-13 00:00:00";660848;398262
"2023-09-14 00:00:00";669603;405607
"2023-09-15 00:00:00";692045;423829
"2023-09-16 00:00:00";737161;494312
"2023-09-17 00:00:00";765991;507096
"2023-09-18 00:00:00";664519;410360
"2023-09-19 00:00:00";647659;392806
"2023-09-20 00:00:00";641398;392375
"2023-09-21 00:00:00";651635;398751
"2023-09-22 00:00:00";681486;425859
"2023-09-23 00:00:00";716286;485805
"2023-09-24 00:00:00";739724;494135
"2023-09-25 00:00:00";651740;402752
"2023-09-26 00:00:00";645778;395172
"2023-09-27 00:00:00";639470;343031
"2023-09-28 00:00:00";680678;419429
"2023-09-29 00:00:00";662357;430504
"2023-09-30 00:00:00";690313;478109
"2023-10-01 00:00:00";727557;491872
"2023-10-02 00:00:00";625029;413607
"2023-10-03 00:00:00";633095;405316
"2023-10-04 00:00:00";656933;416080
"2023-10-05 00:00:00";652497;422773
"2023-10-06 00:00:00";659696;441440
"2023-10-07 00:00:00";722030;476320
"2023-10-08 00:00:00";765091;486870
"2023-10-09 00:00:00";671842;419540
"2023-10-10 00:00:00";659966;403778
"2023-10-11 00:00:00";651214;403636
"2023-10-12 00:00:00";667354;408461
"2023-10-13 00:00:00";682958;420364
"2023-10-14 00:00:00";753508;496206
"2023-10-15 00:00:00";734790;499125
"2023-10-16 00:00:00";678878;421692
"2023-10-17 00:00:00";667797;414250
"2023-10-18 00:00:00";628070;373760
"2023-10-19 00:00:00";641916;392346
"2023-10-20 00:00:00";680945;407381
"2023-10-21 00:00:00";741404;477949
"2023-10-22 00:00:00";761439;493299
"2023-10-23 00:00:00";667927;413386
"2023-10-24 00:00:00";670028;411219
"2023-10-25 00:00:00";663939;410704
"2023-10-26 00:00:00";665016;413689
"2023-10-27 00:00:00";697044;425113
"2023-10-28 00:00:00";750396;491740
"2023-10-29 00:00:00";784158;508358
"2023-10-30 00:00:00";702368;448845
"2023-10-31 00:00:00";696274;434426
"2023-11-01 00:00:00";692335;440901
"2023-11-02 00:00:00";692957;445613
"2023-11-03 00:00:00";711880;451683
"2023-11-04 00:00:00";762612;513027
"2023-11-05 00:00:00";773854;523155
"2023-11-06 00:00:00";723451;445263
"2023-11-07 00:00:00";663442;413887
"2023-11-08 00:00:00";648142;404347
"2023-11-09 00:00:00";643791;403808
"2023-11-10 00:00:00";684743;435733
"2023-11-11 00:00:00";739378;485687
"2023-11-12 00:00:00";754905;502794
"2023-11-13 00:00:00";645520;412930
"2023-11-14 00:00:00";637545;404374
"2023-11-15 00:00:00";622920;387063
"2023-11-16 00:00:00";624563;389301
"2023-11-17 00:00:00";654877;405877
"2023-11-18 00:00:00";726963;477756
"2023-11-19 00:00:00";752363;492057
"2023-11-20 00:00:00";640707;408761
"2023-11-21 00:00:00";647468;402721
"2023-11-22 00:00:00";627224;392552
"2023-11-23 00:00:00";637381;402707
"2023-11-24 00:00:00";722773;434755
"2023-11-25 00:00:00";713329;508497
"2023-11-26 00:00:00";721799;479582
"2023-11-27 00:00:00";614021;392156
"2023-11-28 00:00:00";620195;388965
"2023-11-29 00:00:00";609026;380662
"2023-11-30 00:00:00";608446;382899
"2023-12-01 00:00:00";639029;398184
"2023-12-02 00:00:00";694282;461342
"2023-12-03 00:00:00";705332;467954
"2023-12-04 00:00:00";606195;383997
"2023-12-05 00:00:00";606350;381864
"2023-12-06 00:00:00";607710;379902
"2023-12-07 00:00:00";630121;402589
"2023-12-08 00:00:00";675207;439038
"2023-12-09 00:00:00";720539;493779
"2023-12-10 00:00:00";726781;493034
"2023-12-11 00:00:00";632673;408988
"2023-12-12 00:00:00";617696;400379
"2023-12-13 00:00:00";594664;372417
"2023-12-14 00:00:00";600948;374696
"2023-12-15 00:00:00";759721;479155
"2023-12-16 00:00:00";802939;526790
"2023-12-17 00:00:00";763355;509470
"2023-12-18 00:00:00";668808;419091
"2023-12-19 00:00:00";661674;413352
"2023-12-20 00:00:00";638648;402123
"2023-12-21 00:00:00";647458;410111
"2023-12-22 00:00:00";679238;437010
"2023-12-23 00:00:00";727339;490589
"2023-12-24 00:00:00";700272;478591
"2023-12-25 00:00:00";641227;421615
"2023-12-26 00:00:00";655010;431161
"2023-12-27 00:00:00";655598;433891
"2023-12-28 00:00:00";654013;439025
"2023-12-29 00:00:00";684478;459388
"2023-12-30 00:00:00";695337;480054
"2023-12-31 00:00:00";594510;427003
"2024-01-01 00:00:00";666318;455083
"2024-01-02 00:00:00";691860;454372
"2024-01-03 00:00:00";678403;442110
"2024-01-04 00:00:00";688931;448818
"2024-01-05 00:00:00";710535;463008
"2024-01-06 00:00:00";735880;502820
"2024-01-07 00:00:00";730919;502657
"2024-01-08 00:00:00";680202;434033
"2024-01-09 00:00:00";631207;409410
"2024-01-10 00:00:00";613633;398928
"2024-01-11 00:00:00";630077;405600
"2024-01-12 00:00:00";670132;425921
"2024-01-13 00:00:00";725906;492559
"2024-01-14 00:00:00";734653;490537
"2024-01-15 00:00:00";622740;404558
"2024-01-16 00:00:00";631056;406783
"2024-01-17 00:00:00";626478;399434
"2024-01-18 00:00:00";643346;414734
"2024-01-19 00:00:00";672370;433282
"2024-01-20 00:00:00";736375;501583
"2024-01-21 00:00:00";742687;504987
"2024-01-22 00:00:00";638980;422929
"2024-01-23 00:00:00";607118;401952
"2024-01-24 00:00:00";637962;413244
"2024-01-25 00:00:00";647564;432202
"2024-01-26 00:00:00";652367;424184
"2024-01-27 00:00:00";697845;478178
"2024-01-28 00:00:00";714958;482541
"2024-01-29 00:00:00";616436;405778
"2024-01-30 00:00:00";611722;401305
"2024-01-31 00:00:00";616294;398166
"2024-02-01 00:00:00";616884;402602
"2024-02-02 00:00:00";652014;424147
"2024-02-03 00:00:00";696572;484600
"2024-02-04 00:00:00";711539;473385
"2024-02-05 00:00:00";610627;411222
"2024-02-06 00:00:00";618464;411283
"2024-02-07 00:00:00";606668;409782
"2024-02-08 00:00:00";621987;419175
"2024-02-09 00:00:00";633859;432091
"2024-02-10 00:00:00";670236;467157
"2024-02-11 00:00:00";695612;469566
"2024-02-12 00:00:00";611407;416992
"2024-02-13 00:00:00";615256;413403
"2024-02-14 00:00:00";560199;380220
"2024-02-15 00:00:00";616425;400133
"2024-02-16 00:00:00";639031;434505
"2024-02-17 00:00:00";701070;488282
"2024-02-18 00:00:00";744284;489585
"2024-02-19 00:00:00";635166;419067
"2024-02-20 00:00:00";632528;411423
"2024-02-21 00:00:00";626115;403401
"2024-02-22 00:00:00";630786;409354
"2024-02-23 00:00:00";666373;438896
"2024-02-24 00:00:00";715417;485100
"2024-02-25 00:00:00";717476;486487
"2024-02-26 00:00:00";604256;395569
"2024-02-27 00:00:00";600751;393056
"2024-02-28 00:00:00";593803;382157
"2024-02-29 00:00:00";607634;391824
"2024-03-01 00:00:00";646693;416912
"2024-03-02 00:00:00";705679;480631
"2024-03-03 00:00:00";727309;489825
"2024-03-04 00:00:00";618979;402223
"2024-03-05 00:00:00";610988;390373
"2024-03-06 00:00:00";621795;392409
"2024-03-07 00:00:00";635884;416636
"2024-03-08 00:00:00";685291;446351
"2024-03-09 00:00:00";717159;497810
"2024-03-10 00:00:00";722600;488984
"2024-03-11 00:00:00";629081;401431
"2024-03-12 00:00:00";639569;397403
"2024-03-13 00:00:00";627855;391514
"2024-03-14 00:00:00";636899;403629
"2024-03-15 00:00:00";662506;430680
"2024-03-16 00:00:00";707217;482536
"2024-03-17 00:00:00";725429;489467
"2024-03-18 00:00:00";616651;396403
"2024-03-19 00:00:00";620774;394198
"2024-03-20 00:00:00";603838;387993
"2024-03-21 00:00:00";610222;391209
"2024-03-22 00:00:00";654674;415351
"2024-03-23 00:00:00";715436;486599
"2024-03-24 00:00:00";734043;497561
"2024-03-25 00:00:00";626892;410733
"2024-03-26 00:00:00";624966;398473
"2024-03-27 00:00:00";615009;396753
"2024-03-28 00:00:00";620076;408852
"2024-03-29 00:00:00";660959;440171
"2024-03-30 00:00:00";679063;468312
"2024-03-31 00:00:00";675831;460637
"2024-04-01 00:00:00";604512;388164
"2024-04-02 00:00:00";596934;379211
"2024-04-03 00:00:00";605289;375656
"2024-04-04 00:00:00";605403;395535
"2024-04-05 00:00:00";622904;417521
"2024-04-06 00:00:00";658175;464174
"2024-04-07 00:00:00";694512;462714
"2024-04-08 00:00:00";616022;403245
"2024-04-09 00:00:00";617133;395185
"2024-04-10 00:00:00";602715;392323
"2024-04-11 00:00:00";603551;388305
"2024-04-12 00:00:00";645052;414137
"2024-04-13 00:00:00";689773;469037
"2024-04-14 00:00:00";695215;476582
"2024-04-15 00:00:00";617687;394310
"2024-04-16 00:00:00";623522;389815
"2024-04-17 00:00:00";616996;383998
"2024-04-18 00:00:00";625447;397565
"2024-04-19 00:00:00";817412;513055
"2024-04-20 00:00:00";869350;587698
"2024-04-21 00:00:00";928198;612028
"2024-04-22 00:00:00";798656;499503
"2024-04-23 00:00:00";795949;490675
"2024-04-24 00:00:00";780377;483938
"2024-04-25 00:00:00";773047;491721
"2024-04-26 00:00:00";809920;508665
"2024-04-27 00:00:00";811430;563759
"2024-04-28 00:00:00";836672;561628
"2024-04-29 00:00:00";772111;503870
"2024-04-30 00:00:00";794475;507505
"2024-05-01 00:00:00";781646;519996
"2024-05-02 00:00:00";725178;472090
"2024-05-03 00:00:00";758558;497254
"2024-05-04 00:00:00";827662;563780
"2024-05-05 00:00:00";837057;569523
"2024-05-06 00:00:00";753546;484094
"2024-05-07 00:00:00";752383;474226
"2024-05-08 00:00:00";730878;463781
"2024-05-09 00:00:00";765133;499520
"2024-05-10 00:00:00";766949;501225
"2024-05-11 00:00:00";819049;541153
"2024-05-12 00:00:00";797346;548791
"2024-05-13 00:00:00";719041;460156
"2024-05-14 00:00:00";715141;447382
"2024-05-15 00:00:00";698254;442149
"2024-05-16 00:00:00";686013;438125
"2024-05-17 00:00:00";716906;467295
"2024-05-18 00:00:00";762816;536357
"2024-05-19 00:00:00";789233;560680
"2024-05-20 00:00:00";719994;469972
"2024-05-21 00:00:00";695784;447327
"2024-05-22 00:00:00";716545;464579
"2024-05-23 00:00:00";912616;586336
"2024-05-24 00:00:00";876713;563381
"2024-05-25 00:00:00";904814;623753
"2024-05-26 00:00:00";951239;646510
"2024-05-27 00:00:00";838922;541178
"2024-05-28 00:00:00";828647;525433
"2024-05-29 00:00:00";794458;513248
"2024-05-30 00:00:00";801204;520084
"2024-05-31 00:00:00";816766;528011
"2024-06-01 00:00:00";850359;575070
"2024-06-02 00:00:00";878386;589153
"2024-06-03 00:00:00";771464;494969
"2024-06-04 00:00:00";757241;480006
"2024-06-05 00:00:00";745386;473588
"2024-06-06 00:00:00";737270;471527
"2024-06-07 00:00:00";772723;504793
"2024-06-08 00:00:00";807311;554584
"2024-06-09 00:00:00";846452;574220
"2024-06-10 00:00:00";741561;504974
"2024-06-11 00:00:00";735578;477130
"2024-06-12 00:00:00";741580;473085
"2024-06-13 00:00:00";706718;455178
"2024-06-14 00:00:00";741012;474586
"2024-06-15 00:00:00";769391;526771
"2024-06-16 00:00:00";798407;545342
"2024-06-17 00:00:00";701324;460864
"2024-06-18 00:00:00";689604;441395
"2024-06-19 00:00:00";673145;439623
"2024-06-20 00:00:00";682304;443355
"2024-06-21 00:00:00";692780;449694
"2024-06-22 00:00:00";731874;502428
"2024-06-23 00:00:00";762486;517199
"2024-06-24 00:00:00";680498;437017
"2024-06-25 00:00:00";674102;431429
"2024-06-26 00:00:00";654760;425134
"2024-06-27 00:00:00";641253;423972
"2024-06-28 00:00:00";674143;445118
"2024-06-29 00:00:00";713189;492958
"2024-06-30 00:00:00";726706;500726
"2024-07-01 00:00:00";632508;423843
"2024-07-02 00:00:00";633716;418904
"2024-07-03 00:00:00";632106;420245
"2024-07-04 00:00:00";614675;420718
"2024-07-05 00:00:00";639346;428828
"2024-07-06 00:00:00";678340;478090
"2024-07-07 00:00:00";710706;500635
"2024-07-08 00:00:00";635722;432649
"2024-07-09 00:00:00";644087;432281
"2024-07-10 00:00:00";750554;506587
"2024-07-11 00:00:00";734458;494991
"2024-07-12 00:00:00";757116;504555
"2024-07-13 00:00:00";787147;553531
"2024-07-14 00:00:00";805624;560868
"2024-07-15 00:00:00";725231;481749
"2024-07-16 00:00:00";702715;474794
"2024-07-17 00:00:00";703931;469669
"2024-07-18 00:00:00";681803;468068
"2024-07-19 00:00:00";698990;477779
"2024-07-20 00:00:00";741207;522637
"2024-07-21 00:00:00";772573;537991
"2024-07-22 00:00:00";702327;466648
"2024-07-23 00:00:00";696421;463630
"2024-07-24 00:00:00";683604;462180
"2024-07-25 00:00:00";678814;460739
"2024-07-26 00:00:00";705732;468134
"2024-07-27 00:00:00";742515;522323
"2024-07-28 00:00:00";756631;532251
"2024-07-29 00:00:00";691422;465800
"2024-07-30 00:00:00";687973;459119
"2024-07-31 00:00:00";662217;449343
"2024-08-01 00:00:00";670408;453959
"2024-08-02 00:00:00";689869;460446
"2024-08-03 00:00:00";726244;507367
"2024-08-04 00:00:00";736265;514240
"2024-08-05 00:00:00";667671;452831
"2024-08-06 00:00:00";668302;456048
"2024-08-07 00:00:00";659360;448113
"2024-08-08 00:00:00";638841;436043
"2024-08-09 00:00:00";661760;456126
"2024-08-10 00:00:00";693519;494913
"2024-08-11 00:00:00";719514;505386
"2024-08-12 00:00:00";641131;435288
"2024-08-13 00:00:00";645651;427177
"2024-08-14 00:00:00";615078;413402
"2024-08-15 00:00:00";618380;418038
"2024-08-16 00:00:00";650479;438412
"2024-08-17 00:00:00";696723;488550
"2024-08-18 00:00:00";714897;499378
"2024-08-19 00:00:00";632681;430174
"2024-08-20 00:00:00";603265;414322
"2024-08-21 00:00:00";592593;413163
"2024-08-22 00:00:00";603871;420250
"2024-08-23 00:00:00";673585;441127
"2024-08-24 00:00:00";657661;474373
"2024-08-25 00:00:00";693134;492766
"2024-08-26 00:00:00";603433;427059
"2024-08-27 00:00:00";623431;437220
"2024-08-28 00:00:00";595514;405323
"2024-08-29 00:00:00";600900;411066
"2024-08-30 00:00:00";618453;419558
"2024-08-31 00:00:00";649458;460999
"2024-09-01 00:00:00";668186;469557
"2024-09-02 00:00:00";606509;408365
"2024-09-03 00:00:00";593557;392586
"2024-09-04 00:00:00";580556;382456
"2024-09-05 00:00:00";593252;396282
"2024-09-06 00:00:00";638538;425603
"2024-09-07 00:00:00";690873;484318
"2024-09-08 00:00:00";705231;494169
"2024-09-09 00:00:00";622604;411191
"2024-09-10 00:00:00";611278;394602
"2024-09-11 00:00:00";609827;397225
"2024-09-12 00:00:00";618072;394117
"2024-09-13 00:00:00";609940;404872
"2024-09-14 00:00:00";675746;457775
"2024-09-15 00:00:00";699432;489578
"2024-09-16 00:00:00";668486;449753
"2024-09-17 00:00:00";643115;430714
"2024-09-18 00:00:00";636413;407424
"2024-09-19 00:00:00";624543;403123
"2024-09-20 00:00:00";662375;424809
"2024-09-21 00:00:00";707315;486709
"2024-09-22 00:00:00";731193;483347
"2024-09-23 00:00:00";616750;400281
"2024-09-24 00:00:00";627651;395609
"2024-09-25 00:00:00";594683;383479
"2024-09-26 00:00:00";613691;394589
"2024-09-27 00:00:00";643515;411901
"2024-09-28 00:00:00";662311;468983
"2024-09-29 00:00:00";694473;456256
"2024-09-30 00:00:00";610001;396228
"2024-10-01 00:00:00";598368;392821
"2024-10-02 00:00:00";623888;399927
"2024-10-03 00:00:00";615540;403589
"2024-10-04 00:00:00";634316;424725
"2024-10-05 00:00:00";671700;468847
"2024-10-06 00:00:00";709732;475189
"2024-10-07 00:00:00";604986;409716
"2024-10-08 00:00:00";600081;391425
"2024-10-09 00:00:00";581949;382759
"2024-10-10 00:00:00";598734;390959
"2024-10-11 00:00:00";606486;396651
"2024-10-12 00:00:00";672371;448838
"2024-10-13 00:00:00";687801;468695
"2024-10-14 00:00:00";600793;392140
"2024-10-15 00:00:00";593095;381625
"2024-10-16 00:00:00";587417;375947
"2024-10-17 00:00:00";593868;379852
"2024-10-18 00:00:00";619332;399368
"2024-10-19 00:00:00";669384;458095
"2024-10-20 00:00:00";685891;464520
"2024-10-21 00:00:00";586926;381068
"2024-10-22 00:00:00";596717;383350
"2024-10-23 00:00:00";587623;386461
"2024-10-24 00:00:00";597041;391516
"2024-10-25 00:00:00";625399;409253
"2024-10-26 00:00:00";673140;456877
"2024-10-27 00:00:00";689150;472143
"2024-10-28 00:00:00";590735;395379
"2024-10-29 00:00:00";589741;391791
"2024-10-30 00:00:00";582709;386497
"2024-10-31 00:00:00";591750;393439
"2024-11-01 00:00:00";624443;412506
"2024-11-02 00:00:00";641741;453180
"2024-11-03 00:00:00";667155;467816
"2024-11-04 00:00:00";624244;413391
"2024-11-05 00:00:00";577637;382743
"2024-11-06 00:00:00";567716;373987
"2024-11-07 00:00:00";580006;381882
"2024-11-08 00:00:00";752847;474035
"2024-11-09 00:00:00";789352;540272
"2024-11-10 00:00:00";797599;540448
"2024-11-11 00:00:00";682207;450198
"2024-11-12 00:00:00";679059;442635
"2024-11-13 00:00:00";668356;435886
"2024-11-14 00:00:00";668468;439109
"2024-11-15 00:00:00";706471;463948
"2024-11-16 00:00:00";756648;519868
"2024-11-17 00:00:00";775356;529945
"2024-11-18 00:00:00";660068;436312
"2024-11-19 00:00:00";659032;433016
"2024-11-20 00:00:00";655899;428485
"2024-11-21 00:00:00";647989;429011
"2024-11-22 00:00:00";689611;456011
"2024-11-23 00:00:00";751298;521499
"2024-11-24 00:00:00";766626;526677
"2024-11-25 00:00:00";649492;434117
"2024-11-26 00:00:00";648453;430792
"2024-11-27 00:00:00";645632;428799
"2024-11-28 00:00:00";637948;423918
"2024-11-29 00:00:00";676396;451610
"2024-11-30 00:00:00";729708;511569
"2024-12-01 00:00:00";744296;512630
"2024-12-02 00:00:00";630334;424724
"2024-12-03 00:00:00";628555;415592
"2024-12-04 00:00:00";615715;412961
"2024-12-05 00:00:00";615341;411398
"2024-12-06 00:00:00";655989;431059
"2024-12-07 00:00:00";709505;497088
"2024-12-08 00:00:00";717235;501822
"2024-12-09 00:00:00";618358;426223
"2024-12-10 00:00:00";600334;410558
"2024-12-11 00:00:00";594495;399424
"2024-12-12 00:00:00";586301;389438
"2024-12-13 00:00:00";613679;410993
"2024-12-14 00:00:00";668465;470585
"2024-12-15 00:00:00";677677;473718
"2024-12-16 00:00:00";598912;404268
"2024-12-17 00:00:00";597787;404594
"2024-12-18 00:00:00";580565;392980
"2024-12-19 00:00:00";637818;415496
"2024-12-20 00:00:00";655658;435076
"2024-12-21 00:00:00";704818;487708
"2024-12-22 00:00:00";707657;490967
"2024-12-23 00:00:00";618573;419265
"2024-12-24 00:00:00";608266;420051
"2024-12-25 00:00:00";614575;424564
"2024-12-26 00:00:00";617676;431693
"2024-12-27 00:00:00";635736;442979
"2024-12-28 00:00:00";677060;474480
"2024-12-29 00:00:00";669312;485460
"2024-12-30 00:00:00";633192;452796
"2024-12-31 00:00:00";562113;401660
"2025-01-01 00:00:00";638080;448640
"2025-01-02 00:00:00";648021;451701
"2025-01-03 00:00:00";686353;466129
"2025-01-04 00:00:00";710477;503287
"2025-01-05 00:00:00";695257;505481
"2025-01-06 00:00:00";644244;453133
"2025-01-07 00:00:00";647274;447555
"2025-01-08 00:00:00";662299;444021
"2025-01-09 00:00:00";604600;422207
"2025-01-10 00:00:00";647881;442222
"2025-01-11 00:00:00";715295;503246
"2025-01-12 00:00:00";724553;501675
"2025-01-13 00:00:00";610102;420883
"2025-01-14 00:00:00";615719;421212
"2025-01-15 00:00:00";613167;412456
"2025-01-16 00:00:00";611733;413711
"2025-01-17 00:00:00";625991;428089
"2025-01-18 00:00:00";691617;487291
"2025-01-19 00:00:00";704098;493069
"2025-01-20 00:00:00";604146;418178
"2025-01-21 00:00:00";609502;415937
"2025-01-22 00:00:00";612220;403583
"2025-01-23 00:00:00";617913;424208
"2025-01-24 00:00:00";643583;446196
"2025-01-25 00:00:00";673780;489151
"2025-01-26 00:00:00";714888;501278
"2025-01-27 00:00:00";605389;431074
"2025-01-28 00:00:00";602459;415477
"2025-01-29 00:00:00";579005;400682
"2025-01-30 00:00:00";588707;408739
"2025-01-31 00:00:00";610395;430252
"2025-02-01 00:00:00";636911;462770
"2025-02-02 00:00:00";680014;473436
"2025-02-03 00:00:00";602887;420795
"2025-02-04 00:00:00";593711;419324
"2025-02-05 00:00:00";598104;409883
"2025-02-06 00:00:00";606314;411039
"2025-02-07 00:00:00";611123;427869
"2025-02-08 00:00:00";681428;471789
"2025-02-09 00:00:00";699872;486540
"2025-02-10 00:00:00";589474;405489
"2025-02-11 00:00:00";597918;403130
"2025-02-12 00:00:00";600289;405723
"2025-02-13 00:00:00";589720;399017
"2025-02-14 00:00:00";602609;407716
"2025-02-15 00:00:00";675521;474111
"2025-02-16 00:00:00";691868;483311
"2025-02-17 00:00:00";595634;407432
"2025-02-18 00:00:00";588824;399326
"2025-02-19 00:00:00";703339;460036
"2025-02-20 00:00:00";637204;424709
"2025-02-21 00:00:00";647908;435501
"2025-02-22 00:00:00";708948;492338
"2025-02-23 00:00:00";704824;491645
"2025-02-24 00:00:00";604578;408408
"2025-02-25 00:00:00";597067;400532
"2025-02-26 00:00:00";580667;384222
"2025-02-27 00:00:00";581541;390936
"2025-02-28 00:00:00";614202;411150
"2025-03-01 00:00:00";648625;454775
"2025-03-02 00:00:00";657780;463571
"2025-03-03 00:00:00";584608;396670
"2025-03-04 00:00:00";585963;392802
"2025-03-05 00:00:00";569263;383779
"2025-03-06 00:00:00";557710;374159
"2025-03-07 00:00:00";592868;404534
"2025-03-08 00:00:00";590128;430997
"2025-03-09 00:00:00";616393;442697
"2025-03-10 00:00:00";557829;387236
"2025-03-11 00:00:00";551032;383284
"2025-03-12 00:00:00";554041;376139
"2025-03-13 00:00:00";542160;371045
"2025-03-14 00:00:00";567165;390036
"2025-03-15 00:00:00";627292;438922
"2025-03-16 00:00:00";636278;452842
"2025-03-17 00:00:00";555211;377373
"2025-03-18 00:00:00";559315;374892
"2025-03-19 00:00:00";554246;376319
"2025-03-20 00:00:00";553421;376361
"2025-03-21 00:00:00";588655;401847
"2025-03-22 00:00:00";632847;454776
"2025-03-23 00:00:00";646153;463290
"2025-03-24 00:00:00";558285;389344
"2025-03-25 00:00:00";551336;381245
"2025-03-26 00:00:00";544330;372054
"2025-03-27 00:00:00";547358;380977
"2025-03-28 00:00:00";563401;391549
"2025-03-29 00:00:00";607808;439599
"2025-03-30 00:00:00";627301;445303
"2025-03-31 00:00:00";553932;375993
"2025-04-01 00:00:00";549129;371015
"2025-04-02 00:00:00";535272;361441
"2025-04-03 00:00:00";551795;370973
"2025-04-04 00:00:00";560877;387343
"2025-04-05 00:00:00";597621;422243
"2025-04-06 00:00:00";636445;439771
"2025-04-07 00:00:00";546675;367212
"2025-04-08 00:00:00";547111;359799
"2025-04-09 00:00:00";542180;358935
"2025-04-10 00:00:00";558044;372356
"2025-04-11 00:00:00";584778;390918
"2025-04-12 00:00:00";626784;445326
"2025-04-13 00:00:00";635461;447829
"2025-04-14 00:00:00";555604;378336
"2025-04-15 00:00:00";560215;378277
"2025-04-16 00:00:00";540691;368931
"2025-04-17 00:00:00";562932;386897
"2025-04-18 00:00:00";601218;417009
"2025-04-19 00:00:00";619203;443508
"2025-04-20 00:00:00";609691;444101
"2025-04-21 00:00:00";578536;390926
"2025-04-22 00:00:00";548733;374064
"2025-04-23 00:00:00";560790;371302
"2025-04-24 00:00:00";552027;376255
"2025-04-25 00:00:00";570166;392985
"2025-04-26 00:00:00";602054;436745
"2025-04-27 00:00:00";632514;434405
"2025-04-28 00:00:00";554444;378127
"2025-04-29 00:00:00";558803;375269
"2025-04-30 00:00:00";555422;376664
"2025-05-01 00:00:00";586144;417243
"2025-05-02 00:00:00";578934;411898
"2025-05-03 00:00:00";599408;435438
"2025-05-04 00:00:00";647166;446149
"2025-05-05 00:00:00";544774;388092
"2025-05-06 00:00:00";541382;367000
"2025-05-07 00:00:00";528819;366887
"2025-05-08 00:00:00";554240;387374
"2025-05-09 00:00:00";584069;402023
"2025-05-10 00:00:00";630173;450733
"2025-05-11 00:00:00";637964;457463
"2025-05-12 00:00:00";574540;396693
"2025-05-13 00:00:00";559912;382410
"2025-05-14 00:00:00";547859;378579
"2025-05-15 00:00:00";547928;374219
"2025-05-16 00:00:00";568130;384681
"2025-05-17 00:00:00";627002;450612
"2025-05-18 00:00:00";636200;456075
"2025-05-19 00:00:00";553683;381035
"2025-05-20 00:00:00";548560;372643
"2025-05-21 00:00:00";532591;367096
"2025-05-22 00:00:00";538797;374532
"2025-05-23 00:00:00";631595;427450
"2025-05-24 00:00:00";647559;459350
"2025-05-25 00:00:00";664357;471184
"2025-05-26 00:00:00";606229;415268
"2025-05-27 00:00:00";593740;405525
"2025-05-28 00:00:00";581844;399216
"2025-05-29 00:00:00";616434;408816
"2025-05-30 00:00:00";602944;417834
"2025-05-31 00:00:00";624894;449744
"2025-06-01 00:00:00";651553;466425
"2025-06-02 00:00:00";595991;426873
"2025-06-03 00:00:00";583722;400794
"2025-06-04 00:00:00";575856;397268
"2025-06-05 00:00:00";573720;401859
"2025-06-06 00:00:00";598447;411048
"2025-06-07 00:00:00";634555;457493
"2025-06-08 00:00:00";654886;465510
"2025-06-09 00:00:00";590155;405511
"2025-06-10 00:00:00";573539;396655
"2025-06-11 00:00:00";583538;394808
"2025-06-12 00:00:00";579292;399664
"2025-06-13 00:00:00";601971;406602
"2025-06-14 00:00:00";625375;442281
"2025-06-15 00:00:00";649599;453023
"2025-06-16 00:00:00";569712;393102
"2025-06-17 00:00:00";565362;387137
"2025-06-18 00:00:00";559238;386450
"2025-06-19 00:00:00";570279;394926
"2025-06-20 00:00:00";582411;396933
"2025-06-21 00:00:00";608369;434993
"2025-06-22 00:00:00";632375;451056
"2025-06-23 00:00:00";554594;388099
"2025-06-24 00:00:00";555492;387267
"2025-06-25 00:00:00";547248;379259
"2025-06-26 00:00:00";553593;382485
"2025-06-27 00:00:00";555969;388315
"2025-06-28 00:00:00";589498;426361
"2025-06-29 00:00:00";616937;448140
"2025-06-30 00:00:00";570758;389298
"2025-07-01 00:00:00";558027;386991
"2025-07-02 00:00:00";547565;385145
"2025-07-03 00:00:00";555892;394337
"2025-07-04 00:00:00";573969;407181
"2025-07-05 00:00:00";607070;442914
"2025-07-06 00:00:00";634246;461422
"2025-07-07 00:00:00";581086;403876
"2025-07-08 00:00:00";556884;396734
"2025-07-09 00:00:00";555892;394376
"2025-07-10 00:00:00";560181;394653
"2025-07-11 00:00:00";577036;404058
"2025-07-12 00:00:00";607142;447841
"2025-07-13 00:00:00";639690;469086
"2025-07-14 00:00:00";586091;414086
"2025-07-15 00:00:00";577766;407034
"2025-07-16 00:00:00";559278;405911
"2025-07-17 00:00:00";577617;416342
"2025-07-18 00:00:00";575368;415191
"2025-07-19 00:00:00";610301;456012
"2025-07-20 00:00:00";658458;483918
"2025-07-21 00:00:00";598525;429448
"2025-07-22 00:00:00";593876;418769
"2025-07-23 00:00:00";588377;428730
"2025-07-24 00:00:00";591534;439291
"2025-07-25 00:00:00";607599;437572
"2025-07-26 00:00:00";640622;471066
"2025-07-27 00:00:00";662650;491852
"2025-07-28 00:00:00";626958;455649
"2025-07-29 00:00:00";620538;447893
"2025-07-30 00:00:00";598943;428451
"2025-07-31 00:00:00";593047;421900
"2025-08-01 00:00:00";605534;439087
"2025-08-02 00:00:00";642799;478023
"2025-08-03 00:00:00";663157;501854
"2025-08-04 00:00:00";613127;445998
"2025-08-05 00:00:00";613912;434509
"2025-08-06 00:00:00";717585;491170
"2025-08-07 00:00:00";661067;485293
"2025-08-08 00:00:00";707990;495480
"2025-08-09 00:00:00";738674;552762
"2025-08-10 00:00:00";770601;570313
"2025-08-11 00:00:00";688671;509585
"2025-08-12 00:00:00";722903;494406
"2025-08-13 00:00:00";668464;482508
"2025-08-14 00:00:00";696255;498905
"2025-08-15 00:00:00";720875;530452
"2025-08-16 00:00:00";751964;580881
"2025-08-17 00:00:00";791670;604565
"2025-08-18 00:00:00";733248;539929
"2025-08-19 00:00:00";746432;540751
"2025-08-20 00:00:00";777040;550551
"2025-08-21 00:00:00";774611;556462
"2025-08-22 00:00:00";803456;589551
"2025-08-23 00:00:00";813238;621916
"2025-08-24 00:00:00";804102;607935
"2025-08-25 00:00:00";738133;541111
"2025-08-26 00:00:00";762313;554287
"2025-08-27 00:00:00";749831;546206
"2025-08-28 00:00:00";748353;558327
"2025-08-29 00:00:00";772676;567632
"2025-08-30 00:00:00";791945;606947
"2025-08-31 00:00:00";823126;624955
"2025-09-01 00:00:00";748812;554211
"2025-09-02 00:00:00";756611;535960
"2025-09-03 00:00:00";723079;508875
"2025-09-04 00:00:00";737353;530571
"2025-09-05 00:00:00";782468;567026
"2025-09-06 00:00:00";832779;626342
"2025-09-07 00:00:00";840351;622840
"2025-09-08 00:00:00";819234;572425
"2025-09-09 00:00:00";811838;569795
"2025-09-10 00:00:00";797582;563963
"2025-09-11 00:00:00";779412;551454
"2025-09-12 00:00:00";836831;593950
"2025-09-13 00:00:00";874867;644188
"2025-09-14 00:00:00";879031;669321
"2025-09-15 00:00:00";858497;610235
"2025-09-16 00:00:00";829356;575429
"2025-09-17 00:00:00";830302;569313
"2025-09-18 00:00:00";840999;573434
"2025-09-19 00:00:00";895294;615423
"2025-09-20 00:00:00";938429;682295
"2025-09-21 00:00:00";961289;692101
"2025-09-22 00:00:00";854719;593195
"2025-09-23 00:00:00";842420;581393
"2025-09-24 00:00:00";758847;540782
"2025-09-25 00:00:00";769422;525099
"2025-09-26 00:00:00";810239;556636
"2025-09-27 00:00:00";856973;637549
"2025-09-28 00:00:00";897168;627736
"2025-09-29 00:00:00";803790;559415
"2025-09-30 00:00:00";789237;548970
"2025-10-01 00:00:00";758463;531433
"2025-10-02 00:00:00";760427;534193
"2025-10-03 00:00:00";769609;557533
"2025-10-04 00:00:00";804195;597386
"2025-10-05 00:00:00";847561;612514
"2025-10-06 00:00:00";768544;540851
"2025-10-07 00:00:00";755200;495372
"2025-10-08 00:00:00";752807;539756
"2025-10-09 00:00:00";741471;510218
"2025-10-10 00:00:00";753047;523590
"2025-10-11 00:00:00";836497;590226
"2025-10-12 00:00:00";861090;610782
"2025-10-13 00:00:00";749136;521273
"2025-10-14 00:00:00";748925;510715
"2025-10-15 00:00:00";719904;494722
"2025-10-16 00:00:00";728859;502886
"2025-10-17 00:00:00";766441;536630
"2025-10-18 00:00:00";410853;620486
"2025-10-18 01:00:00";397835;622572
"2025-10-18 02:00:00";420032;623961
"2025-10-18 03:00:00";423611;625273
"2025-10-18 04:00:00";433270;626865
"2025-10-18 05:00:00";452191;628505
"2025-10-18 06:00:00";477607;630475
"2025-10-18 07:00:00";519112;632705
"2025-10-18 08:00:00";549437;635303
"2025-10-18 09:00:00";577589;638157
"2025-10-18 10:00:00";608014;641071
"2025-10-18 11:00:00";672635;644232
"2025-10-18 12:00:00";726982;647324
"2025-10-18 13:00:00";789525;650639
"2025-10-18 14:00:00";823918;653485
"2025-10-18 15:00:00";835709;655438
"2025-10-18 16:00:00";828243;656536
"2025-10-18 17:00:00";807247;656732
"2025-10-18 18:00:00";801226;655349
"2025-10-18 19:00:00";776598;653595
"2025-10-18 20:00:00";749529;650946
"2025-10-18 21:00:00";681689;647360
"2025-10-18 22:00:00";608339;642929
"2025-10-18 23:00:00";520462;638557
"2025-10-19 00:00:00";467998;635276
"2025-10-19 01:00:00";438031;632824
"2025-10-19 02:00:00";458299;631154
"2025-10-19 03:00:00";468423;628759
"2025-10-19 04:00:00";478829;625720
"2025-10-19 05:00:00";505089;622149
"2025-10-19 06:00:00";535683;617546
"2025-10-19 07:00:00";585321;612177
"2025-10-19 08:00:00";621150;606084
"2025-10-19 09:00:00";649948;599467
"2025-10-19 10:00:00";684589;592605
"2025-10-19 11:00:00";746014;585839
"2025-10-19 12:00:00";804002;579328
"2025-10-19 13:00:00";854127;573280
"2025-10-19 14:00:00";866394;568042
"2025-10-19 15:00:00";857484;563355
"2025-10-19 16:00:00";828516;559222
"2025-10-19 17:00:00";768825;555636
"2025-10-19 18:00:00";754306;553970
"2025-10-19 19:00:00";708332;552364
"2025-10-19 20:00:00";660035;551441
"2025-10-19 21:00:00";573395;550412
"2025-10-19 22:00:00";504001;549151
"2025-10-19 23:00:00";437811;547802
"2025-10-20 00:00:00";406121;546539
"2025-10-20 01:00:00";395372;545581
"2025-10-20 02:00:00";397142;544961
"2025-10-20 03:00:00";390860;544504
"2025-10-20 04:00:00";387334;544204
"2025-10-20 05:00:00";387159;543903
"2025-10-20 06:00:00";397713;543204
"2025-10-20 07:00:00";428342;542375
"2025-10-20 08:00:00";450355;541306
"2025-10-20 09:00:00";472114;539915
"2025-10-20 10:00:00";508599;538889
"2025-10-20 11:00:00";575550;537943
"2025-10-20 12:00:00";645206;537212
"2025-10-20 13:00:00";716358;536537
"2025-10-20 14:00:00";743244;535669
"2025-10-20 15:00:00";749188;535047
"2025-10-20 16:00:00";736083;534478
"2025-10-20 17:00:00";725599;534055
"2025-10-20 18:00:00";713926;533159
"2025-10-20 19:00:00";686797;532477
"2025-10-20 20:00:00";637207;531564
"2025-10-20 21:00:00";544598;530888
"2025-10-20 22:00:00";471720;530477
"2025-10-20 23:00:00";406433;527783
"2025-10-21 00:00:00";381322;525845
"2025-10-21 01:00:00";380632;524757
"2025-10-21 02:00:00";387968;523864
"2025-10-21 03:00:00";387012;523041
"2025-10-21 04:00:00";385723;522462
"2025-10-21 05:00:00";377153;521780
"2025-10-21 06:00:00";386256;521344
"2025-10-21 07:00:00";412193;520669
"2025-10-21 08:00:00";426878;519908
"2025-10-21 09:00:00";458443;519577
"2025-10-21 10:00:00";497003;518964
"2025-10-21 11:00:00";569021;518447
"2025-10-21 12:00:00";638669;517917
"2025-10-21 13:00:00";703841;517306
"2025-10-21 14:00:00";736148;516926
"2025-10-21 15:00:00";742248;516299
"2025-10-21 16:00:00";728517;515518
"2025-10-21 17:00:00";705405;514655
"2025-10-21 18:00:00";697557;513981
"2025-10-21 19:00:00";664481;513334
"2025-10-21 20:00:00";621757;512497
"2025-10-21 21:00:00";536594;511519
"2025-10-21 22:00:00";403081;510858
"2025-10-21 23:00:00";357090;510902
"2025-10-22 00:00:00";353423;511987
"2025-10-22 01:00:00";357277;512270
"2025-10-22 02:00:00";365821;512627
"2025-10-22 03:00:00";371113;513009
"2025-10-22 04:00:00";367966;513147
"2025-10-22 05:00:00";366178;513286
"2025-10-22 06:00:00";369389;513286
"2025-10-22 07:00:00";393917;513795
"2025-10-22 08:00:00";418975;514420
"2025-10-22 09:00:00";442697;514893
"2025-10-22 10:00:00";483218;514794
"2025-10-22 11:00:00";554867;514977
"2025-10-22 12:00:00";623055;515034
"2025-10-22 13:00:00";693763;515406
"2025-10-22 14:00:00";719348;515364
"2025-10-22 15:00:00";721314;515607
"2025-10-22 16:00:00";706998;515873
"2025-10-22 17:00:00";688547;516036
"2025-10-22 18:00:00";682244;516378
"2025-10-22 19:00:00";643016;516370
"2025-10-22 20:00:00";595348;516929
"2025-10-22 21:00:00";527636;517823
"2025-10-22 22:00:00";410895;518672
"2025-10-22 23:00:00";390592;521313
"2025-10-23 00:00:00";364282;522330
"2025-10-23 01:00:00";370086;523220
"2025-10-23 02:00:00";378477;523332
"2025-10-23 03:00:00";377377;523458
"2025-10-23 04:00:00";373266;523753
"2025-10-23 05:00:00";368617;524155
"2025-10-23 06:00:00";386282;524862
"2025-10-23 07:00:00";412476;525377
"2025-10-23 08:00:00";434657;525550
"2025-10-23 09:00:00";442135;525700
"2025-10-23 10:00:00";490668;526410
"2025-10-23 11:00:00";559093;526802
"2025-10-23 12:00:00";635241;526976
"2025-10-23 13:00:00";695552;527102
"2025-10-23 14:00:00";729950;527589
"2025-10-23 15:00:00";732770;528191
"2025-10-23 16:00:00";714800;529000
"2025-10-23 17:00:00";701228;530382
"2025-10-23 18:00:00";686208;531419
"2025-10-23 19:00:00";664112;532609
"2025-10-23 20:00:00";622875;534170
"2025-10-23 21:00:00";550806;536435
"2025-10-23 22:00:00";480450;539295
"2025-10-23 23:00:00";418130;541899
"2025-10-24 00:00:00";387855;543101
"2025-10-24 01:00:00";371359;544096
"2025-10-24 02:00:00";381386;545329
"2025-10-24 03:00:00";385350;546941
"2025-10-24 04:00:00";384896;548779
"2025-10-24 05:00:00";386164;550886
"2025-10-24 06:00:00";397893;553273
"2025-10-24 07:00:00";414774;556024
"2025-10-24 08:00:00";439671;559414
"2025-10-24 09:00:00";461747;562685
"2025-10-24 10:00:00";501720;566418
"2025-10-24 11:00:00";562111;569841
"2025-10-24 12:00:00";639079;573144
"2025-10-24 13:00:00";708036;576131
"2025-10-24 14:00:00";745635;578794
"2025-10-24 15:00:00";755345;581210
"2025-10-24 16:00:00";753205;583514
"2025-10-24 17:00:00";731551;585548
"2025-10-24 18:00:00";717186;586741
"2025-10-24 19:00:00";704577;588666
"2025-10-24 20:00:00";685272;590387
"2025-10-24 21:00:00";620038;591916
"2025-10-24 22:00:00";552096;593540
"2025-10-24 23:00:00";449095;595164
"2025-10-25 00:00:00";418108;597387
"2025-10-25 01:00:00";408424;598985
"2025-10-25 02:00:00";428679;600220
"2025-10-25 03:00:00";438606;601314
"2025-10-25 04:00:00";444902;602447
"2025-10-25 05:00:00";456272;603724
"2025-10-25 06:00:00";481529;605490
"2025-10-25 07:00:00";517277;607621
"2025-10-25 08:00:00";535083;609899
"2025-10-25 09:00:00";573696;612883
"2025-10-25 10:00:00";606724;615652
"2025-10-25 11:00:00";663605;618507
"2025-10-25 12:00:00";728938;621309
"2025-10-25 13:00:00";787424;623778
"2025-10-25 14:00:00";815793;625810
"2025-10-25 15:00:00";817910;627184
"2025-10-25 16:00:00";809804;627858
"2025-10-25 17:00:00";762212;627356
"2025-10-25 18:00:00";767709;627663
"2025-10-25 19:00:00";742608;627449
"2025-10-25 20:00:00";715345;627251
"2025-10-25 21:00:00";652201;626819
"2025-10-25 22:00:00";595956;626072
"2025-10-25 23:00:00";511810;623860
"2025-10-26 00:00:00";459478;622115
"2025-10-26 01:00:00";435464;621358
"2025-10-26 02:00:00";449485;620545
"2025-10-26 03:00:00";458453;619228
"2025-10-26 04:00:00";466044;617569
"2025-10-26 05:00:00";488410;615587
"2025-10-26 06:00:00";519158;612929
"2025-10-26 07:00:00";561467;609735
"2025-10-26 08:00:00";596207;606347
"2025-10-26 09:00:00";630008;602725
"2025-10-26 10:00:00";666703;598842
"2025-10-26 11:00:00";725513;595358
"2025-10-26 12:00:00";783535;591594
"2025-10-26 13:00:00";831062;587722
"2025-10-26 14:00:00";840843;584903
"2025-10-26 15:00:00";822418;582140
"2025-10-26 16:00:00";785177;579570
"2025-10-26 17:00:00";756619;577922
"2025-10-26 18:00:00";749454;576693
"2025-10-26 19:00:00";727331;575430
"2025-10-26 20:00:00";691656;573974
"2025-10-26 21:00:00";614103;572480
"2025-10-26 22:00:00";503657;570317
"2025-10-26 23:00:00";441536;569980
"2025-10-27 00:00:00";425895;569944
"2025-10-27 01:00:00";402061;569117
"2025-10-27 02:00:00";399790;568353
"2025-10-27 03:00:00";396909;567674
"2025-10-27 04:00:00";389640;566865
"2025-10-27 05:00:00";387453;565815
"2025-10-27 06:00:00";397702;564554
"2025-10-27 07:00:00";426768;563068
"2025-10-27 08:00:00";454848;561292
"2025-10-27 09:00:00";477974;559264
"2025-10-27 10:00:00";526289;557466
"2025-10-27 11:00:00";577884;555391
"2025-10-27 12:00:00";635760;553476
"2025-10-27 13:00:00";724700;551575
"2025-10-27 14:00:00";743828;548887
"2025-10-27 15:00:00";742862;547274
"2025-10-27 16:00:00";728723;546037
"2025-10-27 17:00:00";719040;545229
"2025-10-27 18:00:00";709455;544070
"2025-10-27 19:00:00";684132;543030
"2025-10-27 20:00:00";652928;542348
"2025-10-27 21:00:00";574784;541752
"2025-10-27 22:00:00";517285;542356
"2025-10-27 23:00:00";450580;541549
"2025-10-28 00:00:00";408180;539858
"2025-10-28 01:00:00";393340;539160
"2025-10-28 02:00:00";399099;539100
"2025-10-28 03:00:00";398263;539255
"2025-10-28 04:00:00";393516;539510
"2025-10-28 05:00:00";393251;539827
"2025-10-28 06:00:00";401994;539926
"2025-10-28 07:00:00";424482;539894
"2025-10-28 08:00:00";449093;539970
"2025-10-28 09:00:00";475593;540081
"2025-10-28 10:00:00";518103;539903
"2025-10-28 11:00:00";575814;539925
"2025-10-28 12:00:00";616215;539817
"2025-10-28 13:00:00";673909;540178
"2025-10-28 14:00:00";722817;540732
"2025-10-28 15:00:00";724661;540729
"2025-10-28 16:00:00";717047;540691
"2025-10-28 17:00:00";696288;540382
"2025-10-28 18:00:00";692411;540385
"2025-10-28 19:00:00";677722;540308
"2025-10-28 20:00:00";649951;540269
"2025-10-28 21:00:00";589353;539984
"2025-10-28 22:00:00";484029;539472
"2025-10-28 23:00:00";398578;539715
"2025-10-29 00:00:00";387046;539778
"2025-10-29 01:00:00";391010;540128
"2025-10-29 02:00:00";403422;540447
"2025-10-29 03:00:00";404954;540704
"2025-10-29 04:00:00";401492;541097
"2025-10-29 05:00:00";394155;541329
"2025-10-29 06:00:00";401436;541607
"2025-10-29 07:00:00";429574;541985
"2025-10-29 08:00:00";453803;542212
"2025-10-29 09:00:00";472816;542420
"2025-10-29 10:00:00";519471;542906
"2025-10-29 11:00:00";581473;543254
"2025-10-29 12:00:00";655263;543875
"2025-10-29 13:00:00";704874;544385
"2025-10-29 14:00:00";732103;544817
"2025-10-29 15:00:00";729358;545235
"2025-10-29 16:00:00";717708;545578
"2025-10-29 17:00:00";705481;546091
"2025-10-29 18:00:00";693061;546364
"2025-10-29 19:00:00";677960;546731
"2025-10-29 20:00:00";631540;546490
"2025-10-29 21:00:00";588559;546984
"2025-10-29 22:00:00";521730;547632
"2025-10-29 23:00:00";412881;547457
"2025-10-30 00:00:00";401752;548736
"2025-10-30 01:00:00";400921;549375
"2025-10-30 02:00:00";409659;549595
"2025-10-30 03:00:00";415588;549761
"2025-10-30 04:00:00";410114;549919
"2025-10-30 05:00:00";405381;550196
"2025-10-30 06:00:00";413254;550628
"2025-10-30 07:00:00";435879;550916
"2025-10-30 08:00:00";463785;551222
"2025-10-30 09:00:00";490986;551612
"2025-10-30 10:00:00";529932;551848
"2025-10-30 11:00:00";582581;552004
"2025-10-30 12:00:00";656766;552242
"2025-10-30 13:00:00";716297;552317
"2025-10-30 14:00:00";745746;552507
"2025-10-30 15:00:00";742575;552790
"2025-10-30 16:00:00";732361;553559
"2025-10-30 17:00:00";716115;554373
"2025-10-30 18:00:00";707652;553972
"2025-10-30 19:00:00";680545;553369
"2025-10-30 20:00:00";651819;553357
"2025-10-30 21:00:00";590827;553177
"2025-10-30 22:00:00";506336;551978
"2025-10-30 23:00:00";454192;552286
"2025-10-31 00:00:00";421112;552848
"2025-10-31 01:00:00";406100;552946
"2025-10-31 02:00:00";409889;552966
"2025-10-31 03:00:00";416758;553234
"2025-10-31 04:00:00";414278;553615
"2025-10-31 05:00:00";415294;554442
"2025-10-31 06:00:00";421046;555667
"2025-10-31 07:00:00";441951;557187
"2025-10-31 08:00:00";467740;558926
"2025-10-31 09:00:00";493890;560633
"2025-10-31 10:00:00";535889;562302
"2025-10-31 11:00:00";591581;563532
"2025-10-31 12:00:00";652478;564798
"2025-10-31 13:00:00";715032;566034
"2025-10-31 14:00:00";748478;567305
"2025-10-31 15:00:00";764072;568857
"2025-10-31 16:00:00";758480;570172
"2025-10-31 17:00:00";689922;570354
"2025-10-31 18:00:00";681432;571641
"2025-10-31 19:00:00";665900;572806
"2025-10-31 20:00:00";642977;574053
"2025-10-31 21:00:00";552599;574835
"2025-10-31 22:00:00";489273;576968
"2025-10-31 23:00:00";463403;579758
"2025-11-01 00:00:00";421330;581361
"2025-11-01 01:00:00";406736;582719
"2025-11-01 02:00:00";420147;583867
"2025-11-01 03:00:00";429540;585055
"2025-11-01 04:00:00";441548;586450
"2025-11-01 05:00:00";460952;588078
"2025-11-01 06:00:00";480647;590030
"2025-11-01 07:00:00";512625;592135
"2025-11-01 08:00:00";538204;594160
"2025-11-01 09:00:00";560731;596137
"2025-11-01 10:00:00";581948;597782
"2025-11-01 11:00:00";649698;600157
"2025-11-01 12:00:00";707266;602319
"2025-11-01 13:00:00";768437;604388
"2025-11-01 14:00:00";799390;606068
"2025-11-01 15:00:00";801244;607181
"2025-11-01 16:00:00";788555;607943
"2025-11-01 17:00:00";768119;608582
"2025-11-01 18:00:00";745540;609121
"2025-11-01 19:00:00";729208;609958
"2025-11-01 20:00:00";710330;610955
"2025-11-01 21:00:00";662168;612940
"2025-11-01 22:00:00";606587;615223
"2025-11-01 23:00:00";536530;616454
"2025-11-02 00:00:00";483741;617364
"2025-11-02 01:00:00";452099;617859
"2025-11-02 02:00:00";465282;618349
"2025-11-02 03:00:00";471791;618354
"2025-11-02 04:00:00";478517;617972
"2025-11-02 05:00:00";500379;617403
"2025-11-02 06:00:00";517301;616301
"2025-11-02 07:00:00";545658;614934
"2025-11-02 08:00:00";572100;613491
"2025-11-02 09:00:00";597648;612338
"2025-11-02 10:00:00";641193;611863
"2025-11-02 11:00:00";702268;611318
"2025-11-02 12:00:00";756832;610787
"2025-11-02 13:00:00";802478;610144
"2025-11-02 14:00:00";819896;609410
"2025-11-02 15:00:00";812030;608499
"2025-11-02 16:00:00";749841;606638
"2025-11-02 17:00:00";737070;605836
"2025-11-02 18:00:00";728479;605272
"2025-11-02 19:00:00";715374;604878
"2025-11-02 20:00:00";702533;604639
"2025-11-02 21:00:00";660414;604478
"2025-11-02 22:00:00";596742;603977
"2025-11-02 23:00:00";521407;603321
"2025-11-03 00:00:00";464995;602607
"2025-11-03 01:00:00";432958;601967
"2025-11-03 02:00:00";425793;601003
"2025-11-03 03:00:00";418674;599901
"2025-11-03 04:00:00";413707;598541
"2025-11-03 05:00:00";412412;596699
"2025-11-03 06:00:00";419666;594584
"2025-11-03 07:00:00";442828;592363
"2025-11-03 08:00:00";479432;590513
"2025-11-03 09:00:00";514459;588779
"2025-11-03 10:00:00";560617;587064
"2025-11-03 11:00:00";624638;585502
"2025-11-03 12:00:00";688812;584122
"2025-11-03 13:00:00";743313;582955
"2025-11-03 14:00:00";761677;582069
"2025-11-03 15:00:00";758126;581329
"2025-11-03 16:00:00";739649;581479
"2025-11-03 17:00:00";724093;581621
"2025-11-03 18:00:00";720488;581571
"2025-11-03 19:00:00";708690;581271
"2025-11-03 20:00:00";693303;580621
"2025-11-03 21:00:00";642947;579353
"2025-11-03 22:00:00";577170;577741
"2025-11-03 23:00:00";502808;575931
"2025-11-04 00:00:00";450490;574796
"2025-11-04 01:00:00";424426;573246
"2025-11-04 02:00:00";425334;572634
"2025-11-04 03:00:00";418443;572206
"2025-11-04 04:00:00";415019;571919
"2025-11-04 05:00:00";411220;571619
"2025-11-04 06:00:00";419352;571214
"2025-11-04 07:00:00";450664;570803
"2025-11-04 08:00:00";483059;570100
"2025-11-04 09:00:00";516539;569093
"2025-11-04 10:00:00";567731;568044
"2025-11-04 11:00:00";630554;566777
"2025-11-04 12:00:00";695998;565508
"2025-11-04 13:00:00";764338;564590
"2025-11-04 14:00:00";785728;563605
"2025-11-04 15:00:00";777750;562642
"2025-11-04 16:00:00";762317;561853
"2025-11-04 17:00:00";730984;560879
"2025-11-04 18:00:00";712794;559845
"2025-11-04 19:00:00";685526;558621
"2025-11-04 20:00:00";647327;556963
"2025-11-04 21:00:00";581046;555093
"2025-11-04 22:00:00";503279;552977
"2025-11-04 23:00:00";459669;551144
"2025-11-05 00:00:00";377556;548938
"2025-11-05 01:00:00";391502;548607
"2025-11-05 02:00:00";401842;548189
"2025-11-05 03:00:00";400491;547843
"2025-11-05 04:00:00";399434;547483
"2025-11-05 05:00:00";388710;546979
"2025-11-05 06:00:00";385973;546255
"2025-11-05 07:00:00";406443;545360
"2025-11-05 08:00:00";423900;544072
"2025-11-05 09:00:00";448144;542581
"2025-11-05 10:00:00";488354;540754
"2025-11-05 11:00:00";548933;538880
"2025-11-05 12:00:00";615090;537043
"2025-11-05 13:00:00";675063;534938
"2025-11-05 14:00:00";702847;533039
"2025-11-05 15:00:00";699912;531249
"2025-11-05 16:00:00";694645;529461
"2025-11-05 17:00:00";679171;528204
"2025-11-05 18:00:00";671019;527199
"2025-11-05 19:00:00";650088;526322
"2025-11-05 20:00:00";621863;525661
"2025-11-05 21:00:00";558289;525096
"2025-11-05 22:00:00";454324;524031
"2025-11-05 23:00:00";430816;524177
"2025-11-06 00:00:00";401101;525032
"2025-11-06 01:00:00";396965;525411
"2025-11-06 02:00:00";403833;525617
"2025-11-06 03:00:00";398402;525701
"2025-11-06 04:00:00";398986;525965
"2025-11-06 05:00:00";391189;526217
"2025-11-06 06:00:00";394393;526730
"2025-11-06 07:00:00";413841;527244
"2025-11-06 08:00:00";433235;527730
"2025-11-06 09:00:00";454279;528031
"2025-11-06 10:00:00";495590;528346
"2025-11-06 11:00:00";557970;528664
"2025-11-06 12:00:00";621133;529321
"2025-11-06 13:00:00";684553;530047
"2025-11-06 14:00:00";711847;530839
"2025-11-06 15:00:00";694124;531262
"2025-11-06 16:00:00";697218;532358
"2025-11-06 17:00:00";682008;533326
"2025-11-06 18:00:00";672130;534190
"2025-11-06 19:00:00";649153;534882
"2025-11-06 20:00:00";622786;535794
"2025-11-06 21:00:00";569851;537212
"2025-11-06 22:00:00";509598;539869
"2025-11-06 23:00:00";447079;541347
"2025-11-07 00:00:00";416642;542633
"2025-11-07 01:00:00";407254;543425
"2025-11-07 02:00:00";413173;543977
"2025-11-07 03:00:00";416559;544903
"2025-11-07 04:00:00";411639;545678
"2025-11-07 05:00:00";410740;546840
"2025-11-07 06:00:00";415830;548242
"2025-11-07 07:00:00";430283;549686
"2025-11-07 08:00:00";443199;551036
"2025-11-07 09:00:00";463347;552673
"2025-11-07 10:00:00";501794;554189
"2025-11-07 11:00:00";591356;556480
"2025-11-07 12:00:00";653276;558316
"2025-11-07 13:00:00";722008;560321
"2025-11-07 14:00:00";751059;562131
"2025-11-07 15:00:00";763468;564761
"2025-11-07 16:00:00";758134;567087
"2025-11-07 17:00:00";739510;569350
"2025-11-07 18:00:00";722147;571424
"2025-11-07 19:00:00";711048;573700
"2025-11-07 20:00:00";699967;576320
"2025-11-07 21:00:00";651859;578899
"2025-11-07 22:00:00";583094;581159
"2025-11-07 23:00:00";509254;583309
"2025-11-08 00:00:00";455180;584861
"2025-11-08 01:00:00";431241;585900
"2025-11-08 02:00:00";446507;587108
"2025-11-08 03:00:00";450004;588219
"2025-11-08 04:00:00";459008;589845
"2025-11-08 05:00:00";471490;591845
"2025-11-08 06:00:00";489406;594270
"2025-11-08 07:00:00";510205;597070
"2025-11-08 08:00:00";545651;600572
"2025-11-08 09:00:00";563546;603872
"2025-11-08 10:00:00";604553;607357
"2025-11-08 11:00:00";664586;609936
"2025-11-08 12:00:00";728444;612449
"2025-11-08 13:00:00";779886;614453
"2025-11-08 14:00:00";807703;616416
"2025-11-08 15:00:00";815023;618076
"2025-11-08 16:00:00";812046;619610
"2025-11-08 17:00:00";794815;620939
"2025-11-08 18:00:00";767927;621760
"2025-11-08 19:00:00";750265;622512
"2025-11-08 20:00:00";725828;622691
"2025-11-08 21:00:00";671347;622669
"2025-11-08 22:00:00";617879;622967
"2025-11-08 23:00:00";549197;623296
"2025-11-09 00:00:00";487553;623448
"2025-11-09 01:00:00";456389;623603
"2025-11-09 02:00:00";464044;623751
"2025-11-09 03:00:00";476286;624109
"2025-11-09 04:00:00";484432;624323
"2025-11-09 05:00:00";500952;624526
"2025-11-09 06:00:00";533451;624904
"2025-11-09 07:00:00";558026;625035
"2025-11-09 08:00:00";582345;624804
"2025-11-09 09:00:00";608421;624728
"2025-11-09 10:00:00";644807;624371
"2025-11-09 11:00:00";694954;623817
"2025-11-09 12:00:00";757868;623426
"2025-11-09 13:00:00";808733;623054
"2025-11-09 14:00:00";823888;622313
"2025-11-09 15:00:00";815181;621268
"2025-11-09 16:00:00";791806;619720
"2025-11-09 17:00:00";755413;617736
"2025-11-09 18:00:00";737797;616251
"2025-11-09 19:00:00";704797;614443
"2025-11-09 20:00:00";678673;612738
"2025-11-09 21:00:00";612642;610596
"2025-11-09 22:00:00";548069;608122
"2025-11-09 23:00:00";482408;605700
"2025-11-10 00:00:00";438144;603830
"2025-11-10 01:00:00";424750;602822
"2025-11-10 02:00:00";427602;601785
"2025-11-10 03:00:00";429195;600396
"2025-11-10 04:00:00";425356;598706
"2025-11-10 05:00:00";418494;596371
"2025-11-10 06:00:00";418582;593047
"2025-11-10 07:00:00";439224;589632
"2025-11-10 08:00:00";454021;585949
"2025-11-10 09:00:00";466034;581893
"2025-11-10 10:00:00";509686;578142
"2025-11-10 11:00:00";575082;574944
"2025-11-10 12:00:00";639716;571873
"2025-11-10 13:00:00";690739;568958
"2025-11-10 14:00:00";721112;566746
"2025-11-10 15:00:00";722216;564759
"2025-11-10 16:00:00";711931;563225
"2025-11-10 17:00:00";694641;562254
"2025-11-10 18:00:00";690276;561613
"2025-11-10 19:00:00";671601;561316
"2025-11-10 20:00:00";638171;560636
"2025-11-10 20:10:00";626232;
"2025-11-10 20:20:00";619453;
"2025-11-10 20:30:00";598549;
"2025-11-10 20:40:00";593792;
"2025-11-10 20:50:00";585625;
"2025-11-10 21:00:00";573363;559858
"2025-11-10 21:10:00";562615;
"2025-11-10 21:20:00";551971;
"2025-11-10 21:30:00";540285;
"2025-11-10 21:40:00";527788;
"2025-11-10 21:50:00";509968;
"2025-11-10 22:00:00";505288;558996
"2025-11-10 22:10:00";408697;
"2025-11-10 22:20:00";412589;
"2025-11-10 22:30:00";417877;
"2025-11-10 22:40:00";416533;
"2025-11-10 22:50:00";417729;
"2025-11-10 23:00:00";430256;557804
"2025-11-10 23:10:00";436770;
"2025-11-10 23:20:00";437650;
"2025-11-10 23:30:00";440702;
"2025-11-10 23:40:00";440953;
"2025-11-10 23:50:00";437357;
"2025-11-11 00:00:00";426118;557731
"2025-11-11 00:10:00";423148;
"2025-11-11 00:20:00";419064;
"2025-11-11 00:30:00";408521;
"2025-11-11 00:40:00";417503;
"2025-11-11 00:50:00";420736;
"2025-11-11 01:00:00";421416;557351
"2025-11-11 01:10:00";419449;
"2025-11-11 01:20:00";417905;
"2025-11-11 01:30:00";420541;
"2025-11-11 01:40:00";423772;
"2025-11-11 01:50:00";424443;
"2025-11-11 02:00:00";425707;556917
"2025-11-11 02:10:00";388374;
"2025-11-11 02:20:00";390808;
"2025-11-11 02:30:00";397342;
"2025-11-11 02:40:00";407973;
"2025-11-11 02:50:00";414502;
"2025-11-11 03:00:00";422629;556927
"2025-11-11 03:10:00";428489;
"2025-11-11 03:20:00";431719;
"2025-11-11 03:30:00";434979;
"2025-11-11 03:40:00";433387;
"2025-11-11 03:50:00";424384;
"2025-11-11 04:00:00";433258;557223
"2025-11-11 04:10:00";435293;
"2025-11-11 04:20:00";438096;
"2025-11-11 04:30:00";438290;
"2025-11-11 04:40:00";440217;
"2025-11-11 04:50:00";436431;
"2025-11-11 05:00:00";434977;557617
"2025-11-11 05:10:00";435122;
"2025-11-11 05:20:00";437075;
"2025-11-11 05:30:00";430257;
"2025-11-11 05:40:00";428867;
"2025-11-11 05:50:00";434758;
"2025-11-11 06:00:00";436721;558133
"2025-11-11 06:10:00";440175;
"2025-11-11 06:20:00";436018;
"2025-11-11 06:30:00";439424;
"2025-11-11 06:40:00";439424;
"2025-11-11 06:50:00";441927;
"2025-11-11 07:00:00";448736;558837
"2025-11-11 07:10:00";448195;
"2025-11-11 07:20:00";457328;
"2025-11-11 07:30:00";464186;
"2025-11-11 07:40:00";466535;
"2025-11-11 07:50:00";467232;
"2025-11-11 08:00:00";471450;559680
"2025-11-11 08:10:00";481838;
"2025-11-11 08:20:00";481838;
"2025-11-11 08:30:00";474107;
"2025-11-11 08:40:00";485995;
"2025-11-11 08:50:00";490698;
"2025-11-11 09:00:00";495577;560933
"2025-11-11 09:10:00";500357;
"2025-11-11 09:20:00";506124;
"2025-11-11 09:30:00";510701;
"2025-11-11 09:40:00";502660;
"2025-11-11 09:50:00";512256;
"2025-11-11 10:00:00";520765;562462
"2025-11-11 10:10:00";527457;
"2025-11-11 10:20:00";538682;
"2025-11-11 10:30:00";546276;
"2025-11-11 10:40:00";550020;
"2025-11-11 10:50:00";564931;
"2025-11-11 11:00:00";573518;564251
"2025-11-11 11:10:00";587376;
"2025-11-11 11:20:00";602960;
"2025-11-11 11:30:00";610033;
"2025-11-11 11:40:00";626837;
"2025-11-11 11:50:00";639648;
"2025-11-11 12:00:00";653571;566654
"2025-11-11 12:10:00";664501;
"2025-11-11 12:20:00";682797;
"2025-11-11 12:30:00";692560;
"2025-11-11 12:40:00";706175;
"2025-11-11 12:50:00";721532;
"2025-11-11 13:00:00";735150;569910
"2025-11-11 13:10:00";751796;
"2025-11-11 13:20:00";763718;
"2025-11-11 13:30:00";779943;
"2025-11-11 13:40:00";789730;
"2025-11-11 13:50:00";797160;
"2025-11-11 14:00:00";800183;572881
"2025-11-11 14:10:00";808102;
"2025-11-11 14:20:00";815567;
"2025-11-11 14:30:00";816569;
"2025-11-11 14:40:00";819465;
"2025-11-11 14:50:00";820899;
"2025-11-11 15:00:00";822240;576124
"2025-11-11 15:10:00";822326;
"2025-11-11 15:20:00";827812;
"2025-11-11 15:30:00";817556;
"2025-11-11 15:40:00";817786;
"2025-11-11 15:50:00";816658;
"2025-11-11 16:00:00";814633;579239
"2025-11-11 16:10:00";809660;
"2025-11-11 16:20:00";806182;
"2025-11-11 16:30:00";803223;
"2025-11-11 16:40:00";801090;
"2025-11-11 16:50:00";795835;
"2025-11-11 17:00:00";789490;582046
"2025-11-11 17:10:00";785388;
"2025-11-11 17:20:00";784341;
"2025-11-11 17:30:00";782229;
"2025-11-11 17:40:00";772367;
"2025-11-11 17:50:00";772710;
"2025-11-11 18:00:00";774701;584547
"2025-11-11 18:10:00";754734;
"2025-11-11 18:20:00";756253;
"2025-11-11 18:30:00";747589;
"2025-11-11 18:40:00";742760;
"2025-11-11 18:50:00";746606;
"2025-11-11 19:00:00";741841;586561
"2025-11-11 19:10:00";739592;
"2025-11-11 19:20:00";734703;
"2025-11-11 19:30:00";715800;
"2025-11-11 19:40:00";717110;
"2025-11-11 19:50:00";714407;
"2025-11-11 20:00:00";695114;588294
"2025-11-11 20:10:00";687139;
"2025-11-11 20:20:00";683273;
"2025-11-11 20:30:00";673967;
"2025-11-11 20:40:00";662849;
"2025-11-11 20:50:00";649863;
"2025-11-11 21:00:00";634633;590013
"2025-11-11 21:10:00";544442;
"2025-11-11 21:20:00";545289;
"2025-11-11 21:30:00";538297;
"2025-11-11 21:40:00";519262;
"2025-11-11 21:50:00";526290;
"2025-11-11 22:00:00";527756;590591
"2025-11-11 22:10:00";510361;
"2025-11-11 22:20:00";510688;
"2025-11-11 22:30:00";502101;
"2025-11-11 22:40:00";497020;
"2025-11-11 22:50:00";491214;
"2025-11-11 23:00:00";482160;591969
"2025-11-11 23:10:00";297121;
"2025-11-11 23:20:00";353056;
"2025-11-11 23:30:00";367524;
"2025-11-11 23:40:00";357321;
"2025-11-11 23:50:00";372204;
"2025-11-12 00:00:00";379168;590342
"2025-11-12 00:10:00";381699;
"2025-11-12 00:20:00";380665;
"2025-11-12 00:30:00";393451;
"2025-11-12 00:40:00";392361;
"2025-11-12 00:50:00";386173;
"2025-11-12 01:00:00";391038;589289
"2025-11-12 01:10:00";391031;
"2025-11-12 01:20:00";363552;
"2025-11-12 01:30:00";364151;
"2025-11-12 01:40:00";364164;
"2025-11-12 01:50:00";376618;
"2025-11-12 02:00:00";386077;589004
"2025-11-12 02:10:00";393305;
"2025-11-12 02:20:00";388684;
"2025-11-12 02:30:00";402336;
"2025-11-12 02:40:00";413248;
"2025-11-12 02:50:00";401053;
"2025-11-12 03:00:00";408468;588616
"2025-11-12 03:10:00";414163;
"2025-11-12 03:20:00";416551;
"2025-11-12 03:30:00";420583;
"2025-11-12 03:40:00";421181;
"2025-11-12 03:50:00";417148;
"2025-11-12 04:00:00";423523;588120
"2025-11-12 04:10:00";412063;
"2025-11-12 04:20:00";416326;
"2025-11-12 04:30:00";375294;
"2025-11-12 04:40:00";383226;
"2025-11-12 04:50:00";388977;
"2025-11-12 05:00:00";394406;587471
"2025-11-12 05:10:00";398612;
"2025-11-12 05:20:00";401195;
"2025-11-12 05:30:00";405490;
"2025-11-12 05:40:00";412306;
"2025-11-12 05:50:00";416069;
"2025-11-12 06:00:00";417489;586991
"2025-11-12 06:10:00";408714;
"2025-11-12 06:20:00";418778;
"2025-11-12 06:30:00";422070;
"2025-11-12 06:40:00";424365;
"2025-11-12 06:50:00";408089;
"2025-11-12 07:00:00";413845;585937
"2025-11-12 07:10:00";416202;
"2025-11-12 07:20:00";418811;
"2025-11-12 07:30:00";426735;
"2025-11-12 07:40:00";429520;
"2025-11-12 07:50:00";432546;
"2025-11-12 08:00:00";445424;585351
"2025-11-12 08:10:00";451974;
"2025-11-12 08:20:00";454178;
"2025-11-12 08:30:00";458576;
"2025-11-12 08:40:00";465215;
"2025-11-12 08:50:00";466039;
"2025-11-12 09:00:00";467775;584504
"2025-11-12 09:10:00";476842;
"2025-11-12 09:20:00";477373;
"2025-11-12 09:30:00";477937;
"2025-11-12 09:40:00";484245;
"2025-11-12 09:50:00";482093;
"2025-11-12 10:00:00";490920;583501
"2025-11-12 10:10:00";493842;
"2025-11-12 10:20:00";503625;
"2025-11-12 10:30:00";513501;
"2025-11-12 10:40:00";525416;
"2025-11-12 10:50:00";530318;
"2025-11-12 11:00:00";538040;582592
"2025-11-12 11:10:00";553445;
"2025-11-12 11:20:00";568797;
"2025-11-12 11:30:00";583649;
"2025-11-12 11:40:00";598114;
"2025-11-12 11:50:00";608877;
"2025-11-12 12:00:00";623392;581684
"2025-11-12 12:10:00";638609;
"2025-11-12 12:20:00";650923;
"2025-11-12 12:30:00";663393;
"2025-11-12 12:40:00";679856;
"2025-11-12 12:50:00";693692;
"2025-11-12 13:00:00";705106;580320
"2025-11-12 13:10:00";719688;
"2025-11-12 13:20:00";732837;
"2025-11-12 13:30:00";742461;
"2025-11-12 13:40:00";755005;
"2025-11-12 13:50:00";759843;
"2025-11-12 14:00:00";761004;579262
"2025-11-12 14:10:00";771374;
"2025-11-12 14:20:00";784992;
"2025-11-12 14:30:00";791149;
"2025-11-12 14:40:00";787966;
"2025-11-12 14:50:00";784973;
"2025-11-12 15:00:00";785978;577952
"2025-11-12 15:10:00";787496;
"2025-11-12 15:20:00";792502;
"2025-11-12 15:30:00";783278;
"2025-11-12 15:40:00";777175;
"2025-11-12 15:50:00";778917;
"2025-11-12 16:00:00";771790;576369
"2025-11-12 16:10:00";771876;
"2025-11-12 16:20:00";769016;
"2025-11-12 16:30:00";763838;
"2025-11-12 16:40:00";759113;
"2025-11-12 16:50:00";749416;
"2025-11-12 17:00:00";748530;574966
"2025-11-12 17:10:00";749987;
"2025-11-12 17:20:00";739233;
"2025-11-12 17:30:00";727845;
"2025-11-12 17:40:00";732088;
"2025-11-12 17:50:00";733918;
"2025-11-12 18:00:00";731979;573439
"2025-11-12 18:10:00";720462;
"2025-11-12 18:20:00";718661;
"2025-11-12 18:30:00";725534;
"2025-11-12 18:40:00";727550;
"2025-11-12 18:50:00";722722;
"2025-11-12 19:00:00";717764;572607
"2025-11-12 19:10:00";713914;
"2025-11-12 19:20:00";638224;
"2025-11-12 19:30:00";639181;
"2025-11-12 19:40:00";630528;
"2025-11-12 19:50:00";641973;
"2025-11-12 20:00:00";647444;571020
"2025-11-12 20:10:00";650307;
"2025-11-12 20:20:00";644290;
"2025-11-12 20:30:00";632401;
"2025-11-12 20:40:00";632907;
"2025-11-12 20:50:00";624250;
"2025-11-12 21:00:00";608611;570258
"2025-11-12 21:10:00";594448;
"2025-11-12 21:20:00";567557;
"2025-11-12 21:30:00";558901;
"2025-11-12 21:40:00";529126;
"2025-11-12 21:50:00";522651;
"2025-11-12 22:00:00";522243;570056
"2025-11-12 22:10:00";514231;
"2025-11-12 22:20:00";473340;
"2025-11-12 22:30:00";437650;
"2025-11-12 22:40:00";388326;
"2025-11-12 22:50:00";395600;
"2025-11-12 23:00:00";405661;567705
"2025-11-12 23:10:00";411153;
"2025-11-12 23:20:00";411287;
"2025-11-12 23:30:00";407055;
"2025-11-12 23:40:00";392625;
"2025-11-12 23:50:00";395440;
"2025-11-13 00:00:00";397685;568304
"2025-11-13 00:10:00";398182;
"2025-11-13 00:20:00";394811;
"2025-11-13 00:30:00";395208;
"2025-11-13 00:40:00";397906;
"2025-11-13 00:50:00";396515;
"2025-11-13 01:00:00";399748;569053
"2025-11-13 01:10:00";401540;
"2025-11-13 01:20:00";395666;
"2025-11-13 01:30:00";401639;
"2025-11-13 01:40:00";396103;
"2025-11-13 01:50:00";403795;
"2025-11-13 02:00:00";411718;569406
"2025-11-13 02:10:00";417330;
"2025-11-13 02:20:00";418899;
"2025-11-13 02:30:00";378702;
"2025-11-13 02:40:00";394861;
"2025-11-13 02:50:00";399924;
"2025-11-13 03:00:00";407101;569686
"2025-11-13 03:10:00";414132;
"2025-11-13 03:20:00";418514;
"2025-11-13 03:30:00";408533;
"2025-11-13 03:40:00";417739;
"2025-11-13 03:50:00";425973;
"2025-11-13 04:00:00";427515;569828
"2025-11-13 04:10:00";414078;
"2025-11-13 04:20:00";422950;
"2025-11-13 04:30:00";426242;
"2025-11-13 04:40:00";427696;
"2025-11-13 04:50:00";424863;
"2025-11-13 05:00:00";425925;570237
"2025-11-13 05:10:00";427545;
"2025-11-13 05:20:00";418651;
"2025-11-13 05:30:00";426109;
"2025-11-13 05:40:00";426854;
"2025-11-13 05:50:00";424848;
"2025-11-13 06:00:00";432639;570714
"2025-11-13 06:10:00";428538;
"2025-11-13 06:20:00";429510;
"2025-11-13 06:30:00";436527;
"2025-11-13 06:40:00";437235;
"2025-11-13 06:50:00";437618;
"2025-11-13 07:00:00";440304;571818
"2025-11-13 07:10:00";447955;
"2025-11-13 07:20:00";452768;
"2025-11-13 07:30:00";445405;
"2025-11-13 07:40:00";460685;
"2025-11-13 07:50:00";463242;
"2025-11-13 08:00:00";465051;572211
"2025-11-13 08:10:00";468099;
"2025-11-13 08:20:00";470483;
"2025-11-13 08:30:00";473518;
"2025-11-13 08:40:00";477872;
"2025-11-13 08:50:00";476926;
"2025-11-13 09:00:00";483650;572986
"2025-11-13 09:10:00";489491;
"2025-11-13 09:20:00";496350;
"2025-11-13 09:30:00";496409;
"2025-11-13 09:40:00";495522;
"2025-11-13 09:50:00";506318;
"2025-11-13 10:00:00";512287;573652
"2025-11-13 10:10:00";503520;
"2025-11-13 10:20:00";517279;
"2025-11-13 10:30:00";522656;
"2025-11-13 10:40:00";535663;
"2025-11-13 10:50:00";547908;
"2025-11-13 11:00:00";559109;573813
"2025-11-13 11:10:00";571735;
"2025-11-13 11:20:00";585611;
"2025-11-13 11:30:00";591166;
"2025-11-13 11:40:00";594099;
"2025-11-13 11:50:00";613636;
"2025-11-13 12:00:00";630698;573344
"2025-11-13 12:10:00";646936;
"2025-11-13 12:20:00";654862;
"2025-11-13 12:30:00";660440;
"2025-11-13 12:40:00";672069;
"2025-11-13 12:50:00";680813;
"2025-11-13 13:00:00";694593;573175
"2025-11-13 13:10:00";708034;
"2025-11-13 13:20:00";718153;
"2025-11-13 13:30:00";732686;
"2025-11-13 13:40:00";743634;
"2025-11-13 13:50:00";753737;
"2025-11-13 14:00:00";762303;572728
"2025-11-13 14:10:00";755405;
"2025-11-13 14:20:00";771366;
"2025-11-13 14:30:00";776922;
"2025-11-13 14:40:00";774042;
"2025-11-13 14:50:00";773731;
"2025-11-13 15:00:00";773447;572337
"2025-11-13 15:10:00";775062;
"2025-11-13 15:20:00";776500;
"2025-11-13 15:30:00";776617;
"2025-11-13 15:40:00";773676;
"2025-11-13 15:50:00";770004;
"2025-11-13 16:00:00";765902;572371
"2025-11-13 16:10:00";761350;
"2025-11-13 16:20:00";757898;
"2025-11-13 16:30:00";754729;
"2025-11-13 16:40:00";753510;
"2025-11-13 16:50:00";748604;
"2025-11-13 17:00:00";742772;572409
"2025-11-13 17:10:00";742590;
"2025-11-13 17:20:00";726256;
"2025-11-13 17:30:00";731404;
"2025-11-13 17:40:00";735307;
"2025-11-13 17:50:00";733269;
"2025-11-13 18:00:00";732205;572721
"2025-11-13 18:10:00";731340;
"2025-11-13 18:20:00";722453;
"2025-11-13 18:30:00";721715;
"2025-11-13 18:40:00";722444;
"2025-11-13 18:50:00";715590;
"2025-11-13 19:00:00";713607;572825
"2025-11-13 19:10:00";711112;
"2025-11-13 19:20:00";704806;
"2025-11-13 19:30:00";699472;
"2025-11-13 19:40:00";680717;
"2025-11-13 19:50:00";680304;
"2025-11-13 20:00:00";671793;573784
"2025-11-13 20:10:00";647768;
"2025-11-13 20:20:00";645363;
"2025-11-13 20:30:00";641527;
"2025-11-13 20:40:00";634665;
"2025-11-13 20:50:00";621803;
"2025-11-13 21:00:00";607335;573959
"2025-11-13 21:10:00";597988;
"2025-11-13 21:20:00";587114;
"2025-11-13 21:30:00";559493;
"2025-11-13 21:40:00";558552;
"2025-11-13 21:50:00";553530;
"2025-11-13 22:00:00";542466;575056
"2025-11-13 22:10:00";524952;
"2025-11-13 22:20:00";518372;
"2025-11-13 22:30:00";494296;
"2025-11-13 22:40:00";494776;
"2025-11-13 22:50:00";490070;
"2025-11-13 23:00:00";478025;577846
"2025-11-13 23:10:00";473015;
"2025-11-13 23:20:00";467409;
"2025-11-13 23:30:00";459035;
"2025-11-13 23:40:00";448205;
"2025-11-13 23:50:00";449136;
"2025-11-14 00:00:00";445859;579872
"2025-11-14 00:10:00";422679;
"2025-11-14 00:20:00";424075;
"2025-11-14 00:30:00";421962;
"2025-11-14 00:40:00";410247;
"2025-11-14 00:50:00";413608;
"2025-11-14 01:00:00";417755;580943
"2025-11-14 01:10:00";419738;
"2025-11-14 01:20:00";425646;
"2025-11-14 01:30:00";429495;
"2025-11-14 01:40:00";420216;
"2025-11-14 01:50:00";427408;
"2025-11-14 02:00:00";431397;581788
"2025-11-14 02:10:00";435900;
"2025-11-14 02:20:00";438295;
"2025-11-14 02:30:00";437458;
"2025-11-14 02:40:00";392624;
"2025-11-14 02:50:00";396928;
"2025-11-14 03:00:00";402515;582001
"2025-11-14 03:10:00";411859;
"2025-11-14 03:20:00";416271;
"2025-11-14 03:30:00";411996;
"2025-11-14 03:40:00";425487;
"2025-11-14 03:50:00";427375;
"2025-11-14 04:00:00";428508;582346
"2025-11-14 04:10:00";420418;
"2025-11-14 04:20:00";426034;
"2025-11-14 04:30:00";427305;
"2025-11-14 04:40:00";430354;
"2025-11-14 04:50:00";428781;
"2025-11-14 05:00:00";425979;582696
"2025-11-14 05:10:00";429908;
"2025-11-14 05:20:00";430796;
"2025-11-14 05:30:00";417286;
"2025-11-14 05:40:00";426843;
"2025-11-14 05:50:00";430393;
"2025-11-14 06:00:00";431931;583170
"2025-11-14 06:10:00";435612;
"2025-11-14 06:20:00";437353;
"2025-11-14 06:30:00";429231;
"2025-11-14 06:40:00";441271;
"2025-11-14 06:50:00";442204;
"2025-11-14 07:00:00";443486;583450
"2025-11-14 07:10:00";446796;
"2025-11-14 07:20:00";455530;
"2025-11-14 07:30:00";451482;
"2025-11-14 07:40:00";453206;
"2025-11-14 07:50:00";460566;
"2025-11-14 08:00:00";447018;583875
"2025-11-14 08:10:00";456811;
"2025-11-14 08:20:00";464907;
"2025-11-14 08:30:00";471438;
"2025-11-14 08:40:00";477914;
"2025-11-14 08:50:00";474505;
"2025-11-14 09:00:00";480230;584672
"2025-11-14 09:10:00";485698;
"2025-11-14 09:20:00";488944;
"2025-11-14 09:30:00";484704;
"2025-11-14 09:40:00";497698;
"2025-11-14 09:50:00";514246;
"2025-11-14 10:00:00";503846;585122
"2025-11-14 10:10:00";508690;
"2025-11-14 10:20:00";521325;
"2025-11-14 10:30:00";531989;
"2025-11-14 10:40:00";541719;
"2025-11-14 10:50:00";547924;
"2025-11-14 11:00:00";559449;585529
"2025-11-14 11:10:00";572253;
"2025-11-14 11:20:00";585270;
"2025-11-14 11:30:00";599086;
"2025-11-14 11:40:00";604545;
"2025-11-14 11:50:00";613572;
"2025-11-14 12:00:00";629416;586263
"2025-11-14 12:10:00";644927;
"2025-11-14 12:20:00";656416;
"2025-11-14 12:30:00";667635;
"2025-11-14 12:40:00";682832;
"2025-11-14 12:50:00";690912;
"2025-11-14 13:00:00";703166;587014
"2025-11-14 13:10:00";719027;
"2025-11-14 13:20:00";733969;
"2025-11-14 13:30:00";746302;
"2025-11-14 13:40:00";758422;
"2025-11-14 13:50:00";766520;
"2025-11-14 14:00:00";774814;588427
"2025-11-14 14:10:00";780980;
"2025-11-14 14:20:00";780865;
"2025-11-14 14:30:00";795314;
"2025-11-14 14:40:00";805791;
"2025-11-14 14:50:00";810273;
"2025-11-14 15:00:00";814187;590268
"2025-11-14 15:10:00";821250;
"2025-11-14 15:20:00";821344;
"2025-11-14 15:30:00";821855;
"2025-11-14 15:40:00";821296;
"2025-11-14 15:50:00";822896;
"2025-11-14 16:00:00";822138;592457
"2025-11-14 16:10:00";818078;
"2025-11-14 16:20:00";817987;
"2025-11-14 16:30:00";803466;
"2025-11-14 16:40:00";809792;
"2025-11-14 16:50:00";808176;
"2025-11-14 17:00:00";800982;594684
"2025-11-14 17:10:00";800842;
"2025-11-14 17:20:00";799377;
"2025-11-14 17:30:00";797994;
"2025-11-14 17:40:00";780265;
"2025-11-14 17:50:00";785074;
"2025-11-14 18:00:00";782780;596615
"2025-11-14 18:10:00";779611;
"2025-11-14 18:20:00";767064;
"2025-11-14 18:30:00";756736;
"2025-11-14 18:40:00";761778;
"2025-11-14 18:50:00";758938;
"2025-11-14 19:00:00";751596;598111
"2025-11-14 19:10:00";751804;
"2025-11-14 19:20:00";751508;
"2025-11-14 19:30:00";735140;
"2025-11-14 19:40:00";734979;
"2025-11-14 19:50:00";737172;
"2025-11-14 20:00:00";715903;599949
"2025-11-14 20:10:00";717945;
"2025-11-14 20:20:00";716392;
"2025-11-14 20:30:00";706909;
"2025-11-14 20:40:00";701766;
"2025-11-14 20:50:00";692040;
"2025-11-14 21:00:00";681048;602798
"2025-11-14 21:10:00";673512;
"2025-11-14 21:20:00";662825;
"2025-11-14 21:30:00";635749;
"2025-11-14 21:40:00";633629;
"2025-11-14 21:50:00";627494;
"2025-11-14 22:00:00";617237;605687
"2025-11-14 22:10:00";603106;
"2025-11-14 22:20:00";591276;
"2025-11-14 22:30:00";581078;
"2025-11-14 22:40:00";570992;
"2025-11-14 22:50:00";544805;
"2025-11-14 23:00:00";539905;608067
"2025-11-14 23:10:00";532898;
"2025-11-14 23:20:00";524675;
"2025-11-14 23:30:00";498940;
"2025-11-14 23:40:00";498035;
"2025-11-14 23:50:00";495901;
"2025-11-15 00:00:00";478341;609389
"2025-11-15 00:10:00";468334;
"2025-11-15 00:20:00";460493;
"2025-11-15 00:30:00";454664;
"2025-11-15 00:40:00";455114;
"2025-11-15 00:50:00";451161;
"2025-11-15 01:00:00";450902;610760
"2025-11-15 01:10:00";454376;
"2025-11-15 01:20:00";457476;
"2025-11-15 01:30:00";444833;
"2025-11-15 01:40:00";455905;
"2025-11-15 01:50:00";463044;
"2025-11-15 02:00:00";464784;612221
"2025-11-15 02:10:00";459372;
"2025-11-15 02:20:00";469044;
"2025-11-15 02:30:00";473903;
"2025-11-15 02:40:00";477384;
"2025-11-15 02:50:00";477089;
"2025-11-15 03:00:00";481062;614362
"2025-11-15 03:10:00";483746;
"2025-11-15 03:20:00";484565;
"2025-11-15 03:30:00";475296;
"2025-11-15 03:40:00";478539;
"2025-11-15 03:50:00";484114;
"2025-11-15 04:00:00";481680;616435
"2025-11-15 04:10:00";484380;
"2025-11-15 04:20:00";485346;
"2025-11-15 04:30:00";481503;
"2025-11-15 04:40:00";485331;
"2025-11-15 04:50:00";485269;
"2025-11-15 05:00:00";488829;619169
"2025-11-15 05:10:00";493718;
"2025-11-15 05:20:00";498211;
"2025-11-15 05:30:00";500711;
"2025-11-15 05:40:00";491673;
"2025-11-15 05:50:00";502210;
"2025-11-15 06:00:00";511148;622564
"2025-11-15 06:10:00";514263;
"2025-11-15 06:20:00";518783;
"2025-11-15 06:30:00";522668;
"2025-11-15 06:40:00";530303;
"2025-11-15 06:50:00";530496;
"2025-11-15 07:00:00";536945;626414
"2025-11-15 07:10:00";546703;
"2025-11-15 07:20:00";540038;
"2025-11-15 07:30:00";552518;
"2025-11-15 07:40:00";560236;
"2025-11-15 07:50:00";554626;
"2025-11-15 08:00:00";567251;631045
"2025-11-15 08:10:00";576169;
"2025-11-15 08:20:00";583258;
"2025-11-15 08:30:00";577759;
"2025-11-15 08:40:00";593152;
"2025-11-15 08:50:00";597200;
"2025-11-15 09:00:00";601911;635314
"2025-11-15 09:10:00";606882;
"2025-11-15 09:20:00";613816;
"2025-11-15 09:30:00";616191;
"2025-11-15 09:40:00";616016;
"2025-11-15 09:50:00";624419;
"2025-11-15 10:00:00";631242;639366
"2025-11-15 10:10:00";634930;
"2025-11-15 10:20:00";634926;
"2025-11-15 10:30:00";647666;
"2025-11-15 10:40:00";651833;
"2025-11-15 10:50:00";652192;
"2025-11-15 11:00:00";664915;643126
"2025-11-15 11:10:00";672535;
"2025-11-15 11:20:00";683524;
"2025-11-15 11:30:00";682359;
"2025-11-15 11:40:00";692299;
"2025-11-15 11:50:00";709429;
"2025-11-15 12:00:00";715349;646312
"2025-11-15 12:10:00";721821;
"2025-11-15 12:20:00";740648;
"2025-11-15 12:30:00";749904;
"2025-11-15 12:40:00";762950;
"2025-11-15 12:50:00";770517;
"2025-11-15 13:00:00";780779;648680
"2025-11-15 13:10:00";793888;
"2025-11-15 13:20:00";807294;
"2025-11-15 13:30:00";804333;
"2025-11-15 13:40:00";817956;
"2025-11-15 13:50:00";824346;
"2025-11-15 14:00:00";830260;650558
"2025-11-15 14:10:00";841339;
"2025-11-15 14:20:00";847391;
"2025-11-15 14:30:00";855142;
"2025-11-15 14:40:00";856446;
"2025-11-15 14:50:00";856492;
"2025-11-15 15:00:00";861317;652162
"2025-11-15 15:10:00";862323;
"2025-11-15 15:20:00";863624;
"2025-11-15 15:30:00";862994;
"2025-11-15 15:40:00";861655;
"2025-11-15 15:50:00";856468;
"2025-11-15 16:00:00";854260;653383
"2025-11-15 16:10:00";849806;
"2025-11-15 16:20:00";846998;
"2025-11-15 16:30:00";842208;
"2025-11-15 16:40:00";841777;
"2025-11-15 16:50:00";834580;
"2025-11-15 17:00:00";829628;654432
"2025-11-15 17:10:00";829822;
"2025-11-15 17:20:00";825292;
"2025-11-15 17:30:00";824002;
"2025-11-15 17:40:00";823227;
"2025-11-15 17:50:00";819757;
"2025-11-15 18:00:00";818087;655703
"2025-11-15 18:10:00";816849;
"2025-11-15 18:20:00";813812;
"2025-11-15 18:30:00";808869;
"2025-11-15 18:40:00";807835;
"2025-11-15 18:50:00";799826;
"2025-11-15 19:00:00";797579;657369
"2025-11-15 19:10:00";794939;
"2025-11-15 19:20:00";792127;
"2025-11-15 19:30:00";788621;
"2025-11-15 19:40:00";776143;
"2025-11-15 19:50:00";775997;
"2025-11-15 20:00:00";753366;658753
"2025-11-15 20:10:00";756770;
"2025-11-15 20:20:00";757328;
"2025-11-15 20:30:00";750845;
"2025-11-15 20:40:00";741752;
"2025-11-15 20:50:00";723662;
"2025-11-15 21:00:00";719353;660109
"2025-11-15 21:10:00";714303;
"2025-11-15 21:20:00";704112;
"2025-11-15 21:30:00";681490;
"2025-11-15 21:40:00";679224;
"2025-11-15 21:50:00";673733;
"2025-11-15 22:00:00";648967;661139
"2025-11-15 22:10:00";643608;
"2025-11-15 22:20:00";637531;
"2025-11-15 22:30:00";607560;
"2025-11-15 22:40:00";602987;
"2025-11-15 22:50:00";596413;
"2025-11-15 23:00:00";584500;662657
"2025-11-15 23:10:00";574380;
"2025-11-15 23:20:00";565724;
"2025-11-15 23:30:00";559109;
"2025-11-15 23:40:00";533152;
"2025-11-15 23:50:00";531544;
"2025-11-16 00:00:00";525224;664301
"2025-11-16 00:10:00";497048;
"2025-11-16 00:20:00";492303;
"2025-11-16 00:30:00";491209;
"2025-11-16 00:40:00";487416;
"2025-11-16 00:50:00";481709;
"2025-11-16 01:00:00";476790;664761
"2025-11-16 01:10:00";477161;
"2025-11-16 01:20:00";477325;
"2025-11-16 01:30:00";478645;
"2025-11-16 01:40:00";466160;
"2025-11-16 01:50:00";473060;
"2025-11-16 02:00:00";480066;665201
"2025-11-16 02:10:00";471101;
"2025-11-16 02:20:00";479405;
"2025-11-16 02:30:00";487603;
"2025-11-16 02:40:00";490486;
"2025-11-16 02:50:00";487935;
"2025-11-16 03:00:00";490027;665726
"2025-11-16 03:10:00";494527;
"2025-11-16 03:20:00";498240;
"2025-11-16 03:30:00";484867;
"2025-11-16 03:40:00";494229;
"2025-11-16 03:50:00";500400;
"2025-11-16 04:00:00";500657;666572
"2025-11-16 04:10:00";491395;
"2025-11-16 04:20:00";502388;
"2025-11-16 04:30:00";504703;
"2025-11-16 04:40:00";509950;
"2025-11-16 04:50:00";509008;
"2025-11-16 05:00:00";512547;667526
"2025-11-16 05:10:00";516774;
"2025-11-16 05:20:00";519354;
"2025-11-16 05:30:00";517145;
"2025-11-16 05:40:00";528238;
"2025-11-16 05:50:00";530146;
"2025-11-16 06:00:00";535866;668600
"2025-11-16 06:10:00";535882;
"2025-11-16 06:20:00";550567;
"2025-11-16 06:30:00";558006;
"2025-11-16 06:40:00";562559;
"2025-11-16 06:50:00";561005;
"2025-11-16 07:00:00";571719;669890
"2025-11-16 07:10:00";578355;
"2025-11-16 07:20:00";585308;
"2025-11-16 07:30:00";589811;
"2025-11-16 07:40:00";585955;
"2025-11-16 07:50:00";598956;
"2025-11-16 08:00:00";610159;670924
"2025-11-16 08:10:00";606799;
"2025-11-16 08:20:00";613285;
"2025-11-16 08:30:00";622906;
"2025-11-16 08:40:00";626514;
"2025-11-16 08:50:00";629775;
"2025-11-16 09:00:00";636411;671940
"2025-11-16 09:10:00";641976;
"2025-11-16 09:20:00";649147;
"2025-11-16 09:30:00";653151;
"2025-11-16 09:40:00";649001;
"2025-11-16 09:50:00";656755;
"2025-11-16 10:00:00";663986;673243
"2025-11-16 10:10:00";669229;
"2025-11-16 10:20:00";676863;
"2025-11-16 10:30:00";685347;
"2025-11-16 10:40:00";686229;
"2025-11-16 10:50:00";691703;
"2025-11-16 11:00:00";703748;675141
"2025-11-16 11:10:00";717192;
"2025-11-16 11:20:00";730424;
"2025-11-16 11:30:00";745128;
"2025-11-16 11:40:00";755991;
"2025-11-16 11:50:00";762878;
"2025-11-16 12:00:00";777594;677272
"2025-11-16 12:10:00";789621;
"2025-11-16 12:20:00";799145;
"2025-11-16 12:30:00";810490;
"2025-11-16 12:40:00";823461;
"2025-11-16 12:50:00";829853;
"2025-11-16 13:00:00";836965;678909
"2025-11-16 13:10:00";837749;
"2025-11-16 13:20:00";850832;
"2025-11-16 13:30:00";857538;
"2025-11-16 13:40:00";863098;
"2025-11-16 13:50:00";869821;
"2025-11-16 14:00:00";870170;679802
"2025-11-16 14:10:00";874025;
"2025-11-16 14:20:00";878804;
"2025-11-16 14:30:00";881790;
"2025-11-16 14:40:00";876096;
"2025-11-16 14:50:00";879495;
"2025-11-16 15:00:00";871545;680031
"2025-11-16 15:10:00";869980;
"2025-11-16 15:20:00";862174;
"2025-11-16 15:30:00";859313;
"2025-11-16 15:40:00";859093;
"2025-11-16 15:50:00";850601;
"2025-11-16 16:00:00";845540;679627
"2025-11-16 16:10:00";841147;
"2025-11-16 16:20:00";835528;
"2025-11-16 16:30:00";830351;
"2025-11-16 16:40:00";824455;
"2025-11-16 16:50:00";814896;
"2025-11-16 17:00:00";809711;678795
"2025-11-16 17:10:00";809338;
"2025-11-16 17:20:00";804917;
"2025-11-16 17:30:00";801770;
"2025-11-16 17:40:00";789503;
"2025-11-16 17:50:00";791830;
"2025-11-16 18:00:00";791857;677759
"2025-11-16 18:10:00";772557;
"2025-11-16 18:20:00";770287;
"2025-11-16 18:30:00";767760;
"2025-11-16 18:40:00";766023;
"2025-11-16 18:50:00";758488;
"2025-11-16 19:00:00";756011;676121
"2025-11-16 19:10:00";750284;
"2025-11-16 19:20:00";747490;
"2025-11-16 19:30:00";747012;
"2025-11-16 19:40:00";725626;
"2025-11-16 19:50:00";723641;
"2025-11-16 20:00:00";717903;674605
"2025-11-16 20:10:00";711264;
"2025-11-16 20:20:00";702894;
"2025-11-16 20:30:00";676315;
"2025-11-16 20:40:00";672089;
"2025-11-16 20:50:00";662855;
"2025-11-16 21:00:00";649954;671877
"2025-11-16 21:10:00";638926;
"2025-11-16 21:20:00";625924;
"2025-11-16 21:30:00";611837;
"2025-11-16 21:40:00";595828;
"2025-11-16 21:50:00";589646;
"2025-11-16 22:00:00";569871;668717
"2025-11-16 22:10:00";555279;
"2025-11-16 22:20:00";551144;
"2025-11-16 22:30:00";543863;
"2025-11-16 22:40:00";537633;
"2025-11-16 22:50:00";525072;
"2025-11-16 23:00:00";514010;666004
"2025-11-16 23:10:00";503809;
"2025-11-16 23:20:00";496142;
"2025-11-16 23:30:00";492450;
"2025-11-16 23:40:00";469222;
"2025-11-16 23:50:00";466904;
"2025-11-17 00:00:00";466601;663839
"2025-11-17 00:10:00";458337;
"2025-11-17 00:20:00";456062;
"2025-11-17 00:30:00";452927;
"2025-11-17 00:40:00";450739;
"2025-11-17 00:50:00";444053;
"2025-11-17 01:00:00";443688;662887
"2025-11-17 01:10:00";445367;
"2025-11-17 01:20:00";448501;
"2025-11-17 01:30:00";443502;
"2025-11-17 01:40:00";442423;
"2025-11-17 01:50:00";447626;
"2025-11-17 02:00:00";449311;661507
"2025-11-17 02:10:00";447835;
"2025-11-17 02:20:00";437169;
"2025-11-17 02:30:00";447252;
"2025-11-17 02:40:00";440770;
"2025-11-17 02:50:00";440914;
"2025-11-17 03:00:00";444119;659565
"2025-11-17 03:10:00";445001;
"2025-11-17 03:20:00";445545;
"2025-11-17 03:30:00";444965;
"2025-11-17 03:40:00";443504;
"2025-11-17 03:50:00";439713;
"2025-11-17 04:00:00";440831;657042
"2025-11-17 04:10:00";428212;
"2025-11-17 04:20:00";438785;
"2025-11-17 04:30:00";433075;
"2025-11-17 04:40:00";430649;
"2025-11-17 04:50:00";434727;
"2025-11-17 05:00:00";433703;653521
"2025-11-17 05:10:00";434925;
"2025-11-17 05:20:00";436576;
"2025-11-17 05:30:00";431767;
"2025-11-17 05:40:00";429046;
"2025-11-17 05:50:00";434380;
"2025-11-17 06:00:00";436900;648825
"2025-11-17 06:10:00";424754;
"2025-11-17 06:20:00";434318;
"2025-11-17 06:30:00";438692;
"2025-11-17 06:40:00";440359;
"2025-11-17 06:50:00";439439;
"2025-11-17 07:00:00";442911;643502
"2025-11-17 07:10:00";448352;
"2025-11-17 07:20:00";452538;
"2025-11-17 07:30:00";446793;
"2025-11-17 07:40:00";457158;
"2025-11-17 07:50:00";461853;
"2025-11-17 08:00:00";460195;637576
"2025-11-17 08:10:00";462979;
"2025-11-17 08:20:00";460856;
"2025-11-17 08:30:00";471394;
"2025-11-17 08:40:00";474134;
"2025-11-17 08:50:00";479029;
"2025-11-17 09:00:00";485283;631218
"2025-11-17 09:10:00";488744;
"2025-11-17 09:20:00";487047;
"2025-11-17 09:30:00";492732;
"2025-11-17 09:40:00";486125;
"2025-11-17 09:50:00";496448;
"2025-11-17 10:00:00";505560;625229
"2025-11-17 10:10:00";510388;
"2025-11-17 10:20:00";512690;
"2025-11-17 10:30:00";527098;
"2025-11-17 10:40:00";537067;
"2025-11-17 10:50:00";541393;
"2025-11-17 11:00:00";550592;618615
"2025-11-17 11:10:00";566678;
"2025-11-17 11:20:00";581198;
"2025-11-17 11:30:00";587524;
"2025-11-17 11:40:00";592137;
"2025-11-17 11:50:00";599271;
"2025-11-17 12:00:00";613193;612684
"2025-11-17 12:10:00";630845;
"2025-11-17 12:20:00";646412;
"2025-11-17 12:30:00";659627;
"2025-11-17 12:40:00";676527;
"2025-11-17 12:50:00";685151;
"2025-11-17 13:00:00";697411;607547
"2025-11-17 13:10:00";710062;
"2025-11-17 13:20:00";725733;
"2025-11-17 13:30:00";731656;
"2025-11-17 13:40:00";733817;
"2025-11-17 13:50:00";747625;
"2025-11-17 14:00:00";752884;602686
"2025-11-17 14:10:00";761621;
"2025-11-17 14:20:00";764155;
"2025-11-17 14:30:00";763925;
"2025-11-17 14:40:00";768639;
"2025-11-17 14:50:00";765966;
"2025-11-17 15:00:00";763617;598247
"2025-11-17 15:10:00";767782;
"2025-11-17 15:20:00";769583;
"2025-11-17 15:30:00";763980;
"2025-11-17 15:40:00";756795;
"2025-11-17 15:50:00";755754;
"2025-11-17 16:00:00";755715;594296
"2025-11-17 16:10:00";753192;
"2025-11-17 16:20:00";747292;
"2025-11-17 16:30:00";744458;
"2025-11-17 16:40:00";744666;
"2025-11-17 16:50:00";739945;
"2025-11-17 17:00:00";735346;591272
"2025-11-17 17:10:00";742005;
"2025-11-17 17:20:00";739236;
"2025-11-17 17:30:00";739058;
"2025-11-17 17:40:00";735412;
"2025-11-17 17:50:00";730213;
"2025-11-17 18:00:00";731408;588562
"2025-11-17 18:10:00";730653;
"2025-11-17 18:20:00";731482;
"2025-11-17 18:30:00";716505;
"2025-11-17 18:40:00";722111;
"2025-11-17 18:50:00";722047;
"2025-11-17 19:00:00";719107;586835
"2025-11-17 19:10:00";719067;
"2025-11-17 19:20:00";715945;
"2025-11-17 19:30:00";703592;
"2025-11-17 19:40:00";684720;
"2025-11-17 19:50:00";684843;
"2025-11-17 20:00:00";678409;585012
"2025-11-17 20:10:00";656589;
"2025-11-17 20:20:00";651088;
"2025-11-17 20:30:00";645573;
"2025-11-17 20:40:00";639823;
"2025-11-17 20:50:00";627769;585012